address,status,x,y,address_id,full_address
彰化縣二林鎮中西里中三路1號,ok,183540.258,2641583.560,BNS6533-7,彰化縣二林鎮中西里007鄰中三路１號
彰化縣二林鎮二城路6號,ok,184717.951,2643022.515,BNS6605-6,彰化縣二林鎮中西里008鄰二城路６號
彰化縣二林鎮二林鎮廣興里廣興巷2-1號,ok,185096.220,2641455.570,BNT2315-8,彰化縣二林鎮廣興里001鄰廣興巷２之１號
彰化縣二林鎮二溪路六段433號,ok,190961.630,2650081.670,BNV1506-3,彰化縣二林鎮永興里011鄰二溪路六段４３３號
彰化縣二林鎮光復路73號,ok,193284.767,2649397.303,BNV2853-3,彰化縣二林鎮華崙里018鄰光復路７３號
彰化縣二林鎮南光里懷仁街8號,ok,185459.646,2643424.119,BNT0625-0,彰化縣二林鎮南光里023鄰懷仁街８號
彰化縣二林鎮原斗里中正巷12之1號,ok,190842.111,2642922.411,BNT1509-1,彰化縣二林鎮原斗里006鄰中正巷１２號之１
彰化縣二林鎮原斗里原竹路872號,ok,191623.541,2643437.052,BNT1619-7,彰化縣二林鎮原斗里009鄰原竹路８７２號
彰化縣二林鎮同安巷80-1號,ok,,,,
彰化縣二林鎮外竹里中南巷2號,ok,187916.898,2640985.218,BNT1912-9,彰化縣二林鎮外竹里005鄰中南巷２號
彰化縣二林鎮外竹里中南巷41之1號,ok,187632.650,2641221.100,BNT1863-7,彰化縣二林鎮外竹里003鄰中南巷４１之１號
彰化縣二林鎮大永路17之1號,ok,,,,
彰化縣二林鎮廣興里廣興巷2-1號,ok,185096.220,2641455.570,BNT2315-8,彰化縣二林鎮廣興里001鄰廣興巷２之１號
彰化縣二林鎮廣興里溝頭巷51號,ok,185050.957,2639422.044,BNT2677-0,彰化縣二林鎮廣興里007鄰溝頭巷５１號
彰化縣二林鎮復豐里𥕟瑤巷5號,ok,191850.676,2642238.443,BNT6595-6,彰化縣二林鎮復豐里002鄰原竹路５號
彰化縣二林鎮復豐里𥕟磘巷17號,ok,191621.365,2642307.538,BNT6553-6,彰化縣二林鎮復豐里002鄰原竹路１７號
彰化縣二林鎮懷仁街8號,ok,185459.646,2643424.119,BNT0625-0,彰化縣二林鎮南光里023鄰懷仁街８號
彰化縣二林鎮斗苑路4段500號,ok,186592.406,2644079.377,BNV8182-1,彰化縣二林鎮豐田里007鄰斗苑路四段５００號
彰化縣二林鎮斗苑路一段865號,ok,191658.211,2643654.966,BNT1183-0,彰化縣二林鎮原斗里002鄰斗苑路一段８６５號
彰化縣二林鎮斗苑路五段22號,ok,186013.820,2644081.778,BNT7802-8,彰化縣二林鎮東和里006鄰斗苑路五段２２號
彰化縣二林鎮斗苑路四段586號,ok,186404.988,2644139.359,BNV8517-5,彰化縣二林鎮豐田里010鄰斗苑路四段５８６號
彰化縣二林鎮東勢里中路巷5號,ok,192535.080,2645001.110,BNT7262-1,彰化縣二林鎮東勢里004鄰中路巷５號
彰化縣二林鎮東勢里東勢巷9號,ok,192268.809,2645503.566,BNT7369-1,彰化縣二林鎮東勢里006鄰東勢巷９號
彰化縣二林鎮東勢里面前巷2-20號,ok,192593.417,2644858.371,BNT7251-9,彰化縣二林鎮東勢里003鄰面前巷２號之２０
彰化縣二林鎮東和里中山路2號,ok,185798.994,2644033.587,BNT7832-3,彰化縣二林鎮東和里007鄰中正路２號
彰化縣二林鎮東和里斗苑路5段22號,ok,186013.820,2644081.778,BNT7802-8,彰化縣二林鎮東和里006鄰斗苑路五段２２號
彰化縣二林鎮東興里福建巷45號之1,ok,206449.270,2650048.580,BMS7707-9,彰化縣員林市惠來里002鄰南昌路４５號之１
彰化縣二林鎮東興里竹林路3段393號,ok,188424.009,2643139.519,BNT9199-0,彰化縣二林鎮東興里001鄰竹林路三段３９３號
彰化縣二林鎮梅芳里太平路四段臨69號,ok,192753.780,2648538.110,BNV0397-2,彰化縣二林鎮梅芳里010鄰太平路四段臨６９號
彰化縣二林鎮福建巷45-1號,ok,,,,
彰化縣二林鎮育英街178巷56號,ok,186516.960,2643602.620,BNT9691-7,彰化縣二林鎮東興里012鄰育英街１７８巷５６號
彰化縣二林鎮興華里中農路20號,ok,188919.277,2643365.892,BNV1710-6,彰化縣二林鎮興華里006鄰中農路２０號
彰化縣二林鎮華崙里光復路37號,ok,193822.116,2649019.485,BNV2371-0,彰化縣二林鎮華崙里006鄰光復路３７號
彰化縣二林鎮華崙里光復路44號,ok,193879.143,2649151.374,BNV2333-5,彰化縣二林鎮華崙里004鄰光復路４４號
彰化縣二林鎮萬合里江山巷1號,ok,189891.817,2646885.827,BNV3939-2,彰化縣二林鎮萬合里008鄰江山巷１號
彰化縣二林鎮萬興里二溪路六段626號,ok,190472.174,2650282.418,BNV5535-5,彰化縣二林鎮萬興里010鄰二溪路六段６２６號
彰化縣二林鎮西和一街65號,ok,185043.660,2643800.300,BNV5928-8,彰化縣二林鎮西平里013鄰西和一街６５號
彰化縣二林鎮西平里民族巷8號之1,ok,196607.283,2659282.598,BLZ3016-7,彰化縣福興鄉大崙村009鄰大崙街８號之１
彰化縣二林鎮西平里西和一街65號,ok,185043.660,2643800.300,BNV5928-8,彰化縣二林鎮西平里013鄰西和一街６５號
彰化縣二林鎮西庄里泉西巷31號之1,ok,,,,
彰化縣二林鎮西斗里再發路45-1號,ok,190170.858,2644510.009,BNV7396-0,彰化縣二林鎮西斗里007鄰再發路４５號之１
彰化縣二林鎮西斗里再發路6號,ok,190420.251,2644510.820,BNV7256-9,彰化縣二林鎮西斗里001鄰再發路６號
彰化縣二林鎮豐田里斗苑路4段500號,ok,186592.406,2644079.377,BNV8182-1,彰化縣二林鎮豐田里007鄰斗苑路四段５００號
彰化縣二林鎮豐田里斗苑路四段586號,ok,186404.988,2644139.359,BNV8517-5,彰化縣二林鎮豐田里010鄰斗苑路四段５８６號
彰化縣二林鎮趙甲里鎮平巷21-9號,ok,188048.117,2647830.304,BNV9223-8,彰化縣二林鎮趙甲里006鄰鎮平巷２１號之９
彰化縣二林鎮鎮平巷59號,ok,188403.801,2648235.991,BNV9137-0,彰化縣二林鎮趙甲里002鄰鎮平巷５９號
彰化縣二林鎮面前巷2-20號,ok,,,,
彰化縣二林鎮香田里儒林路10-1號,ok,186493.590,2641211.440,BNW0525-8,彰化縣二林鎮香田里011鄰儒林路１０號之１
彰化縣二林鎮香田里儒林路10之1號,ok,186493.590,2641211.440,BNW0525-8,彰化縣二林鎮香田里011鄰儒林路１０號之１
彰化縣二水鄉三義巷30-7號,ok,210009.304,2634989.349,BNQ6262-2,彰化縣二水鄉過圳村004鄰三義巷３０之７號
彰化縣二水鄉上豐村山腳路113-5號,ok,221806.915,2704513.447,BHL2305-0,苗栗縣通霄鎮南和里009鄰南和１１３之５號
彰化縣二水鄉二水村員集路3段625號,ok,210854.693,2634004.106,BNN8965-5,彰化縣二水鄉二水村006鄰員集路三段６２５號
彰化縣二水鄉五伯村過圳路222號,ok,210477.648,2634574.340,BNN9671-8,彰化縣二水鄉五伯村010鄰過圳路２２２號
彰化縣二水鄉修仁村修仁路27-3號,ok,212380.350,2632891.210,BNN9915-9,彰化縣二水鄉修仁村003鄰修仁路２７之３號
彰化縣二水鄉修仁路27-3號,ok,212380.350,2632891.210,BNN9915-9,彰化縣二水鄉修仁村003鄰修仁路２７之３號
彰化縣二水鄉倡和村倡和路41-1號,ok,214263.380,2632639.190,BNQ0278-7,彰化縣二水鄉倡和村009鄰倡和路４１之１號
彰化縣二水鄉倡和路41-1號,ok,214263.380,2632639.190,BNQ0278-7,彰化縣二水鄉倡和村009鄰倡和路４１之１號
彰化縣二水鄉光化村光聖巷37號,ok,210895.157,2634405.245,BNQ0605-1,彰化縣二水鄉光化村006鄰光明路３７號
彰化縣二水鄉光文路119號,ok,211062.572,2634119.341,BNQ3376-0,彰化縣二水鄉文化村001鄰光文路１１９號
彰化縣二水鄉光進一巷20-1號,ok,,,,
彰化縣二水鄉十五村十五路33-1號,ok,209401.787,2636097.900,BNQ0962-0,彰化縣二水鄉十五村003鄰十五路３３號之１
彰化縣二水鄉十五路33-1號,ok,209401.787,2636097.900,BNQ0962-0,彰化縣二水鄉十五村003鄰十五路３３號之１
彰化縣二水鄉南通路二段764號,ok,211176.880,2633659.950,BNQ5912-0,彰化縣二水鄉裕民村006鄰南通路二段７６４號
彰化縣二水鄉合和村番田二巷17號,ok,203655.261,2649771.643,BNH8812-3,彰化縣埔心鄉東門村014鄰正大路１７號
彰化縣二水鄉合興村英義路12巷46號,ok,213433.838,2632423.676,BNQ1808-5,彰化縣二水鄉合興村008鄰英義路１２巷４６號
彰化縣二水鄉員集路5段472號,ok,209735.046,2636203.272,BNQ2537-5,彰化縣二水鄉復興村010鄰員集路五段４７２號
彰化縣二水鄉員集路二段316號,ok,210419.492,2635055.065,BNN8351-0,彰化縣二水鄉上豊村001鄰員集路四段３１６號
彰化縣二水鄉大園巷11-9號,ok,,,,
彰化縣二水鄉大園村員集路二段316號,ok,207832.706,2639255.658,BNB0808-0,彰化縣田中鎮南路里008鄰員集路二段３１６號
彰化縣二水鄉大園村大園巷11-9號,ok,213027.430,2633383.290,BNQ2158-8,彰化縣二水鄉大園村003鄰大園巷１１號之９
彰化縣二水鄉山腳路一段113-5號,ok,197819.370,2673461.750,BLY5603-2,彰化縣伸港鄉海尾村008鄰海尾路１１３之５號
彰化縣二水鄉山腳路一段48-1號,ok,171245.659,2615096.705,BSR8132-0,雲林縣四湖鄉四湖村007鄰中山東路４８之１號
彰化縣二水鄉復興村員集路5段472號,ok,209735.046,2636203.272,BNQ2537-5,彰化縣二水鄉復興村010鄰員集路五段４７２號
彰化縣二水鄉復興村員集路五段472號,ok,209735.046,2636203.272,BNQ2537-5,彰化縣二水鄉復興村010鄰員集路五段４７２號
彰化縣二水鄉惠民村山腳路48-1號,ok,208211.616,2653280.800,BNF2010-3,彰化縣大村鄉黃厝村008鄰山腳路４８號之１
彰化縣二水鄉惠民村山腳路一段223巷42弄32-1號,ok,,,,
彰化縣二水鄉文化一巷1號,ok,,,,
彰化縣二水鄉文化村員集路三段452號,ok,211273.672,2634003.815,BNQ5002-0,彰化縣二水鄉文化村011鄰員集路三段４５２號
彰化縣二水鄉文化村文化一巷1號,ok,201786.620,2640998.200,BNR5378-5,彰化縣北斗鎮居仁里011鄰光華街１號
彰化縣二水鄉月眉巷1-1號,ok,,,,
彰化縣二水鄉月眉巷13號,ok,213907.045,2633345.204,BNQ5038-2,彰化縣二水鄉源泉村001鄰月眉巷１３號
彰化縣二水鄉正德巷5號,ok,,,,
彰化縣二水鄉源泉村月眉巷1-2號,ok,179311.850,2641896.371,BPC5905-1,彰化縣大城鄉豐美村003鄰人和路１之２號
彰化縣二水鄉溪邊巷72號,ok,210939.855,2634028.732,BNQ5615-3,彰化縣二水鄉聖化村009鄰溪邊巷７２號
彰化縣二水鄉溪邊巷78號,ok,210914.970,2634013.780,BNQ5616-5,彰化縣二水鄉聖化村009鄰溪邊巷７８號
彰化縣二水鄉番田一巷46號,ok,210517.067,2635531.547,BNQ1501-9,彰化縣二水鄉合和村006鄰番田一巷４６號
彰化縣二水鄉聖化村溪邊巷72號,ok,210939.855,2634028.732,BNQ5615-3,彰化縣二水鄉聖化村009鄰溪邊巷７２號
彰化縣二水鄉裕民巷53號,ok,,,,
彰化縣二水鄉裕民村過溪巷90號,ok,211299.739,2633838.654,BNQ6097-8,彰化縣二水鄉裕民村009鄰過溪巷９０號
彰化縣二水鄉過圳村三義巷30-7號,ok,210009.304,2634989.349,BNQ6262-2,彰化縣二水鄉過圳村004鄰三義巷３０之７號
彰化縣二水鄉過圳路222號,ok,210477.648,2634574.340,BNN9671-8,彰化縣二水鄉五伯村010鄰過圳路２２２號
彰化縣二水鄉鼻倡路20號,ok,213574.340,2632352.720,BNQ1910-1,彰化縣二水鄉合興村013鄰鼻倡路２０號
彰化縣伸港鄉七嘉村中華路565號,ok,198747.440,2671285.080,BLW9736-0,彰化縣伸港鄉七嘉村009鄰中華路５６５號
彰化縣伸港鄉七嘉村嘉二路47號,ok,198639.180,2671539.280,BLW9333-6,彰化縣伸港鄉七嘉村005鄰嘉二路４７號
彰化縣伸港鄉中華路565號,ok,198747.440,2671285.080,BLW9736-0,彰化縣伸港鄉七嘉村009鄰中華路５６５號
彰化縣伸港鄉什股村什股路100-1號,ok,196980.940,2672462.350,BLX0680-0,彰化縣伸港鄉什股村007鄰什股路１００之１號
彰化縣伸港鄉什股村什股路99-1號,ok,235324.459,2692680.747,BKG5163-9,苗栗縣卓蘭鎮坪林里017鄰双連９９之１號
彰化縣伸港鄉什股路100-1號,ok,196980.940,2672462.350,BLX0680-0,彰化縣伸港鄉什股村007鄰什股路１００之１號
彰化縣伸港鄉仁愛路123號,ok,197420.580,2671519.940,BLY3857-5,彰化縣伸港鄉泉州村011鄰仁愛路１２３號
彰化縣伸港鄉伸港鄉埤墘村埤墘一路154號,ok,198472.130,2670948.800,BLX3323-5,彰化縣伸港鄉埤墘村013鄰埤墘一路１５４號
彰化縣伸港鄉伸港鄉大同村11鄰大同一街111號,ok,198426.530,2671902.970,BLX5226-2,彰化縣伸港鄉大同村011鄰大同一街１１１號
彰化縣伸港鄉全興村東全路11號,ok,198256.440,2674645.220,BLX2192-8,彰化縣伸港鄉全興村009鄰東全路１１號
彰化縣伸港鄉和平路60號,ok,197644.720,2671621.260,BLY0095-5,彰化縣伸港鄉新港村019鄰和平路６０號
彰化縣伸港鄉嘉二路47號,ok,198639.180,2671539.280,BLW9333-6,彰化縣伸港鄉七嘉村005鄰嘉二路４７號
彰化縣伸港鄉埤墘村埤墘一路154號,ok,198472.130,2670948.800,BLX3323-5,彰化縣伸港鄉埤墘村013鄰埤墘一路１５４號
彰化縣伸港鄉埤墘村建興路168號,ok,198370.590,2671145.380,BLX3291-3,彰化縣伸港鄉埤墘村012鄰建興路１６８號
彰化縣伸港鄉大同村大同路82號,ok,198173.260,2672803.520,BLX5151-0,彰化縣伸港鄉大同村009鄰大同路８２號
彰化縣伸港鄉大同村彰新路七段722號,ok,198432.680,2672839.340,BLX5079-0,彰化縣伸港鄉大同村007鄰彰新路七段７２２號
彰化縣伸港鄉大同村彰新路七段724號,ok,198369.610,2672834.300,BLX5080-2,彰化縣伸港鄉大同村007鄰彰新路七段７２４號
彰化縣伸港鄉大同路82號,ok,198173.260,2672803.520,BLX5151-0,彰化縣伸港鄉大同村009鄰大同路８２號
彰化縣伸港鄉定興村定興路63-2號,ok,199100.340,2672490.240,BLX6552-8,彰化縣伸港鄉定興村006鄰定興路６３之２號
彰化縣伸港鄉定興村定興路63號,ok,199274.570,2517826.420,BXR5191-3,屏東縣九如鄉洽興村007鄰洽興路６３號
彰化縣伸港鄉定興路63-2號,ok,199100.340,2672490.240,BLX6552-8,彰化縣伸港鄉定興村006鄰定興路６３之２號
彰化縣伸港鄉建興路168號,ok,198370.590,2671145.380,BLX3291-3,彰化縣伸港鄉埤墘村012鄰建興路１６８號
彰化縣伸港鄉彰新路7段724號,ok,198369.610,2672834.300,BLX5080-2,彰化縣伸港鄉大同村007鄰彰新路七段７２４號
彰化縣伸港鄉忠孝東街50號,ok,197943.930,2671579.620,BLX9121-0,彰化縣伸港鄉新港村012鄰忠孝東街５０號
彰化縣伸港鄉新港村和平路60號,ok,197644.720,2671621.260,BLY0095-5,彰化縣伸港鄉新港村019鄰和平路６０號
彰化縣伸港鄉新港村忠孝東街50號1~4樓,ok,,,,
彰化縣伸港鄉新港村新港路280巷101號,ok,197662.290,2671749.920,BLX8660-9,彰化縣伸港鄉新港村009鄰新港路２８０巷１０１號
彰化縣伸港鄉新港村自強路138號,ok,197624.850,2671092.330,BLX9666-9,彰化縣伸港鄉新港村017鄰自強路１３８號
彰化縣伸港鄉新港村自強路臨30號,ok,197850.900,2671055.240,BLX9651-1,彰化縣伸港鄉新港村017鄰自強路臨３０號
彰化縣伸港鄉曾家村曾家路3-15號,ok,196792.030,2671437.330,BLY0878-8,彰化縣伸港鄉曾家村001鄰曾家路３之１５號
彰化縣伸港鄉曾家村曾家路65-1號,ok,196450.540,2671224.470,BLY1003-9,彰化縣伸港鄉曾家村005鄰曾家路６５之１號
彰化縣伸港鄉曾家路3之15號,ok,196792.030,2671437.330,BLY0878-8,彰化縣伸港鄉曾家村001鄰曾家路３之１５號
彰化縣伸港鄉曾家路65-1號,ok,196450.540,2671224.470,BLY1003-9,彰化縣伸港鄉曾家村005鄰曾家路６５之１號
彰化縣伸港鄉東全路11號,ok,198256.440,2674645.220,BLX2192-8,彰化縣伸港鄉全興村009鄰東全路１１號
彰化縣伸港鄉汴頭村汴頭路183-3號,ok,198914.300,2671027.340,BLY2267-5,彰化縣伸港鄉汴頭村014鄰汴頭路１８３之３號
彰化縣伸港鄉汴頭村汴頭路187-3號,ok,198964.190,2671000.000,BLY2355-3,彰化縣伸港鄉汴頭村015鄰汴頭路１８７之３號
彰化縣伸港鄉汴頭路187-3號,ok,198964.190,2671000.000,BLY2355-3,彰化縣伸港鄉汴頭村015鄰汴頭路１８７之３號
彰化縣伸港鄉泉厝村泉厝路44-3號,ok,197300.720,2671670.890,BLY2637-0,彰化縣伸港鄉泉厝村003鄰泉厝路４４之３號
彰化縣伸港鄉泉厝路44-3號,ok,197300.720,2671670.890,BLY2637-0,彰化縣伸港鄉泉厝村003鄰泉厝路４４之３號
彰化縣伸港鄉泉州村仁愛路123號,ok,197420.580,2671519.940,BLY3857-5,彰化縣伸港鄉泉州村011鄰仁愛路１２３號
彰化縣伸港鄉海尾村海尾路3-2號,ok,197900.070,2673398.770,BLY5103-8,彰化縣伸港鄉海尾村001鄰海尾路３之２號
彰化縣伸港鄉海尾路3-2號,ok,197900.070,2673398.770,BLY5103-8,彰化縣伸港鄉海尾村001鄰海尾路３之２號
彰化縣伸港鄉溪底村溪底路103-2號,ok,199444.360,2672473.650,BLY6332-2,彰化縣伸港鄉溪底村008鄰溪底路１０３之２號
彰化縣伸港鄉溪底路103-2號,ok,199444.360,2672473.650,BLY6332-2,彰化縣伸港鄉溪底村008鄰溪底路１０３之２號
彰化縣伸港鄉福安路5號,ok,198047.430,2673114.990,BLX3631-3,彰化縣伸港鄉大同村001鄰福安路５號
彰化縣伸港鄉自強路臨30號,ok,197850.900,2671055.240,BLX9651-1,彰化縣伸港鄉新港村017鄰自強路臨３０號
彰化縣伸港鄉蚵寮村蚵寮路132-5號,ok,195067.230,2671627.230,BLY7612-1,彰化縣伸港鄉蚵寮村015鄰蚵寮路１３２之５號
彰化縣伸港鄉蚵寮村蚵寮路155-3號,ok,195287.290,2671801.940,BLY7667-7,彰化縣伸港鄉蚵寮村018鄰蚵寮路１５５之３號
彰化縣伸港鄉蚵寮路132-5號,ok,195067.230,2671627.230,BLY7612-1,彰化縣伸港鄉蚵寮村015鄰蚵寮路１３２之５號
彰化縣北斗鎮七星里斗苑路1段73號地上2地下,ok,,,,
彰化縣北斗鎮七星里神農路2-3號,ok,201929.350,2639349.110,BNQ7183-9,彰化縣北斗鎮七星里014鄰神農路２之３號
彰化縣北斗鎮中和里中圳路305號,ok,203783.193,2640273.153,BNQ7692-5,彰化縣北斗鎮中和里006鄰中圳路３０５號
彰化縣北斗鎮中圳路305號,ok,203783.193,2640273.153,BNQ7692-5,彰化縣北斗鎮中和里006鄰中圳路３０５號
彰化縣北斗鎮中央路30巷31號,ok,200124.952,2641970.099,BNQ8295-0,彰化縣北斗鎮中寮里004鄰中央路３０巷３１號
彰化縣北斗鎮中寮里中央路30巷31號,ok,200124.952,2641970.099,BNQ8295-0,彰化縣北斗鎮中寮里004鄰中央路３０巷３１號
彰化縣北斗鎮光復里光復路226號地上4地下,ok,,,,
彰化縣北斗鎮公所街2號,ok,201304.230,2640862.850,BNS3508-3,彰化縣北斗鎮西德里011鄰公所街２號
彰化縣北斗鎮北斗鎮居仁里宮後二巷11號,ok,201710.921,2641143.251,BNR5575-8,彰化縣北斗鎮居仁里013鄰宮後二巷１１號
彰化縣北斗鎮北斗鎮新生里興農路一段537號,ok,203185.760,2639223.460,JWX6512-6,彰化縣北斗鎮新生里003鄰興農路一段５３７號
彰化縣北斗鎮北斗鎮東斗路10-11號,ok,202156.640,2640969.680,BNS0180-8,彰化縣北斗鎮東光里008鄰東斗路１０之１１號
彰化縣北斗鎮北斗鎮西安里復興路862巷7號,ok,200701.991,2641243.289,BNS1923-7,彰化縣北斗鎮西安里010鄰復興路８６２巷７號
彰化縣北斗鎮北斗鎮重慶里武英巷24號,ok,201467.238,2640893.488,BNS5966-3,彰化縣北斗鎮重慶里002鄰武英巷２４號
彰化縣北斗鎮大新路556號,ok,204902.131,2639029.930,BNR1370-0,彰化縣北斗鎮大新里002鄰大新路５５６號
彰化縣北斗鎮大新里大新路556號,ok,204902.131,2639029.930,BNR1370-0,彰化縣北斗鎮大新里002鄰大新路５５６號
彰化縣北斗鎮大新里新工一路1段80號B,ok,,,,
彰化縣北斗鎮大道里大道路187巷17號,ok,200469.691,2642087.133,BNR3133-8,彰化縣北斗鎮大道里008鄰大道路１８７巷１７號
彰化縣北斗鎮大道里學府路50號地上4地下,ok,,,,
彰化縣北斗鎮大道里文苑路17號地上7地下,ok,,,,
彰化縣北斗鎮大道里文苑路1段107號地上4地下,ok,,,,
彰化縣北斗鎮大道里文苑路一段136號,ok,201278.462,2641365.700,BNR3732-5,彰化縣北斗鎮大道里013鄰文苑路一段１３６號
彰化縣北斗鎮學府路50號,ok,201329.643,2641649.647,BNR2818-6,彰化縣北斗鎮大道里002鄰學府路５０號
彰化縣北斗鎮居仁里宮後二巷11號,ok,201710.921,2641143.251,BNR5575-8,彰化縣北斗鎮居仁里013鄰宮後二巷１１號
彰化縣北斗鎮復興路270號5樓,ok,201973.090,2641648.910,GDL1966-8,彰化縣北斗鎮文昌里015鄰復興路２７０號
彰化縣北斗鎮文昌里復興路300號,ok,192839.160,2661388.300,BLL3070-2,彰化縣鹿港鎮永安里030鄰復興路３００號
彰化縣北斗鎮文苑路136號,ok,201278.462,2641365.700,BNR3732-5,彰化縣北斗鎮大道里013鄰文苑路一段１３６號
彰化縣北斗鎮文苑路一段32號,ok,201460.965,2641344.408,BNR8219-2,彰化縣北斗鎮新政里010鄰文苑路一段３２號
彰化縣北斗鎮文苑路二段150號,ok,200579.268,2641401.887,BNS1633-0,彰化縣北斗鎮西安里008鄰斗苑路二段１５０號
彰化縣北斗鎮文賢街35號,ok,201323.610,2640740.117,BNS3561-9,彰化縣北斗鎮西德里011鄰文賢街３５號
彰化縣北斗鎮斗中路712號,ok,202601.991,2640824.882,BNR9968-7,彰化縣北斗鎮東光里005鄰斗中路７１２號
彰化縣北斗鎮斗苑路二段150號,ok,200579.268,2641401.887,BNS1633-0,彰化縣北斗鎮西安里008鄰斗苑路二段１５０號
彰化縣北斗鎮新政里文苑路一段32號,ok,201460.965,2641344.408,BNR8219-2,彰化縣北斗鎮新政里010鄰文苑路一段３２號
彰化縣北斗鎮新生里興農路二段105號,ok,202954.255,2639540.737,BNR8567-0,彰化縣北斗鎮新生里003鄰興農路二段１０５號
彰化縣北斗鎮東光里斗中路712號,ok,202601.991,2640824.882,BNR9968-7,彰化縣北斗鎮東光里005鄰斗中路７１２號
彰化縣北斗鎮東光里東斗路1-13號,ok,202487.950,2641035.830,BNR9703-3,彰化縣北斗鎮東光里003鄰東斗路１之１３號
彰化縣北斗鎮舜耕路27之4號,ok,200634.269,2640596.530,BNS3835-6,彰化縣北斗鎮西德里013鄰舜耕路２７之４號
彰化縣北斗鎮西安里復興路862巷7號,ok,200701.991,2641243.289,BNS1923-7,彰化縣北斗鎮西安里010鄰復興路８６２巷７號
彰化縣北斗鎮西德里文賢街35號,ok,201323.610,2640740.117,BNS3561-9,彰化縣北斗鎮西德里011鄰文賢街３５號
彰化縣北斗鎮西德里舜耕路27-4號,ok,200634.269,2640596.530,BNS3835-6,彰化縣北斗鎮西德里013鄰舜耕路２７之４號
彰化縣和美鎮中圍里桂東路159巷18號,ok,203043.410,2667620.130,BLN8718-0,彰化縣和美鎮中圍里002鄰桂東路１５９巷１８號
彰化縣和美鎮中圍里竹社路125號,ok,202514.930,2667604.600,BLN9389-7,彰化縣和美鎮中圍里019鄰竹社路１２５號
彰化縣和美鎮中寮里東興路25號,ok,203175.000,2667692.570,BLQ0572-8,彰化縣和美鎮中寮里007鄰東興路２５號
彰化縣和美鎮仁愛路279號,ok,198627.210,2666676.180,BLS1696-2,彰化縣和美鎮山犁里015鄰仁愛路２７９號
彰化縣和美鎮南佃里嘉佃路145號,ok,199188.850,2664537.850,BLQ3379-0,彰化縣和美鎮南佃里011鄰嘉佃路１４５號
彰化縣和美鎮南佃里嘉佃路157號,ok,199206.450,2664554.470,BLQ3381-5,彰化縣和美鎮南佃里011鄰嘉佃路１５７號
彰化縣和美鎮南安路105號,ok,200249.460,2664558.340,BLT0579-0,彰化縣和美鎮源埤里003鄰南安路１０５號
彰化縣和美鎮南平路11號,ok,200084.980,2664200.050,BLV2968-1,彰化縣和美鎮鎮平里005鄰南平路１１號
彰化縣和美鎮南軒路３５９巷7號,ok,198327.920,2666116.460,BLV7393-5,彰化縣和美鎮雅溝里009鄰南軒路３５９巷７號
彰化縣和美鎮和厝路一段２７６號,ok,198725.810,2668667.030,BLS5839-6,彰化縣和美鎮月眉里003鄰和厝路一段２７６號
彰化縣和美鎮和厝路２段４８５號,ok,200038.150,2670236.540,BLR7622-3,彰化縣和美鎮塗厝里010鄰和厝路二段４８５號
彰化縣和美鎮和平街19號,ok,198736.780,2667497.260,BLR0800-6,彰化縣和美鎮和西里018鄰和平街１９號
彰化縣和美鎮和美鎮仁愛里和健路193巷98號,ok,197899.910,2666627.610,BLQ0978-6,彰化縣和美鎮仁愛里001鄰和健路１９３巷９８號
彰化縣和美鎮和美鎮仁昌路66號,ok,198705.810,2666909.010,BLS1510-8,彰化縣和美鎮山犁里013鄰仁昌路６６號
彰化縣和美鎮和美鎮嘉寶里福北路219號,ok,200480.590,2669136.780,BLR1892-0,彰化縣和美鎮嘉寶里005鄰福北路２１９號
彰化縣和美鎮和美鎮糖友里彰新路3段226號,ok,202154.850,2667244.500,BLT9006-3,彰化縣和美鎮糖友里011鄰彰新路三段２２６號
彰化縣和美鎮和美鎮美寮路二段480號,ok,199575.840,2667687.930,BLT6158-7,彰化縣和美鎮竹營里018鄰美寮路二段４８０號
彰化縣和美鎮和美鎮道周路438號2-3樓,ok,,,,
彰化縣和美鎮嘉佃路145號,ok,199188.850,2664537.850,BLQ3379-0,彰化縣和美鎮南佃里011鄰嘉佃路１４５號
彰化縣和美鎮嘉佃路296號,ok,199352.430,2664867.010,BLV2717-5,彰化縣和美鎮鎮平里002鄰嘉佃路２９６號
彰化縣和美鎮嘉寶里福北路219號,ok,200480.590,2669136.780,BLR1892-0,彰化縣和美鎮嘉寶里005鄰福北路２１９號
彰化縣和美鎮嘉犁里東坡路臨22號,ok,200879.100,2665320.580,BLR3212-3,彰化縣和美鎮嘉犁里007鄰東坡路臨２２號
彰化縣和美鎮四張里鎮西路74號,ok,197661.030,2667868.860,BLR5630-6,彰化縣和美鎮四張里007鄰鎮西路７４號
彰化縣和美鎮地潭里和厝路二段772號,ok,200648.390,2670563.620,JVS7612-7,彰化縣和美鎮地潭里001鄰和厝路二段臨７７２號
彰化縣和美鎮地潭里晉北路臨456號,ok,200729.490,2671403.100,BLR6752-9,彰化縣和美鎮地潭里002鄰晉北路臨４５６號
彰化縣和美鎮塗厝里和厝路2段485號,ok,200038.150,2670236.540,BLR7622-3,彰化縣和美鎮塗厝里010鄰和厝路二段４８５號
彰化縣和美鎮大霞里彰和路3段422號,ok,199543.660,2666375.650,BLR8626-1,彰化縣和美鎮大霞里009鄰彰和路三段４２２號
彰化縣和美鎮好修里月北路400巷21號,ok,198928.450,2669695.770,BLR9072-3,彰化縣和美鎮好修里003鄰月北路４００巷２１號
彰化縣和美鎮山犁里惠來五街45號3樓,ok,198810.070,2666516.750,GBY7268-6,彰化縣和美鎮山犁里022鄰惠來五街４５號
彰化縣和美鎮彰和路3段50號,ok,202439.530,2666807.270,BLT2311-1,彰化縣和美鎮犁盛里018鄰彰新路三段５０號
彰化縣和美鎮彰和路三段422號,ok,199543.660,2666375.650,BLR8626-1,彰化縣和美鎮大霞里009鄰彰和路三段４２２號
彰化縣和美鎮彰和路三段50號,ok,202439.530,2666807.270,BLT2311-1,彰化縣和美鎮犁盛里018鄰彰新路三段５０號
彰化縣和美鎮彰和路二段172號,ok,202194.830,2665153.740,BLV1102-6,彰化縣和美鎮詔安里006鄰彰和路二段１７２號
彰化縣和美鎮彰新路2段500號,ok,199551.290,2664127.210,BLV5097-1,彰化縣和美鎮鎮平里017鄰彰草路二段５００號
彰化縣和美鎮彰新路5段310號,ok,200331.070,2670040.300,BLR7915-3,彰化縣和美鎮塗厝里014鄰彰新路五段３１０號
彰化縣和美鎮彰新路４段115號,ok,201716.010,2668359.990,BLT3102-9,彰化縣和美鎮竹園里006鄰彰新路四段１１５號
彰化縣和美鎮彰美路5段160號,ok,199367.870,2667105.310,BLQ8809-1,彰化縣和美鎮和東里023鄰彰美路五段１６０號
彰化縣和美鎮彰美路5段210號,ok,199319.510,2667213.020,BLQ8817-1,彰化縣和美鎮和東里023鄰彰美路五段２１０號
彰化縣和美鎮新庄里東發路100巷36-1號,ok,202584.600,2665850.690,BLS3153-5,彰化縣和美鎮新庄里003鄰東發路１００巷３６之１號
彰化縣和美鎮晉北路臨456號,ok,200729.490,2671403.100,BLR6752-9,彰化縣和美鎮地潭里002鄰晉北路臨４５６號
彰化縣和美鎮月北路400巷21號,ok,198928.450,2669695.770,BLR9072-3,彰化縣和美鎮好修里003鄰月北路４００巷２１號
彰化縣和美鎮月眉里和厝路一段276號,ok,198725.810,2668667.030,BLS5839-6,彰化縣和美鎮月眉里003鄰和厝路一段２７６號
彰化縣和美鎮東坡路臨22號,ok,200879.100,2665320.580,BLR3212-3,彰化縣和美鎮嘉犁里007鄰東坡路臨２２號
彰化縣和美鎮東平路２２1巷11號,ok,202037.410,2666555.760,BLT2100-2,彰化縣和美鎮犁盛里014鄰東平路２２１巷１１號
彰化縣和美鎮東發路100巷36-1號,ok,202584.600,2665850.690,BLS3153-5,彰化縣和美鎮新庄里003鄰東發路１００巷３６之１號
彰化縣和美鎮東興路25號,ok,203175.000,2667692.570,BLQ0572-8,彰化縣和美鎮中寮里007鄰東興路２５號
彰化縣和美鎮柑井里柑竹路331巷21號,ok,200686.200,2667434.840,BLS7861-1,彰化縣和美鎮柑井里004鄰柑竹路３３１巷２１號
彰化縣和美鎮柑井里柑竹路340號,ok,200841.960,2667394.720,BLS8023-6,彰化縣和美鎮柑井里008鄰柑竹路３４０號
彰化縣和美鎮湖內里湖竹路5號,ok,200131.470,2671753.930,BLS9829-0,彰化縣和美鎮湖內里008鄰湖竹路５號
彰化縣和美鎮湖竹路5號,ok,200131.470,2671753.930,BLS9829-0,彰化縣和美鎮湖內里008鄰湖竹路５號
彰化縣和美鎮源埤里南安路105號,ok,200249.460,2664558.340,BLT0579-0,彰化縣和美鎮源埤里003鄰南安路１０５號
彰化縣和美鎮無,ok,,,,
彰化縣和美鎮犁盛里東平路221巷11號,ok,202037.410,2666555.760,BLT2100-2,彰化縣和美鎮犁盛里014鄰東平路２２１巷１１號
彰化縣和美鎮福北路219號1樓,ok,200480.590,2669136.780,BLR1892-0,彰化縣和美鎮嘉寶里005鄰福北路２１９號
彰化縣和美鎮竹園里彰新路四段115號,ok,201716.010,2668359.990,BLT3102-9,彰化縣和美鎮竹園里006鄰彰新路四段１１５號
彰化縣和美鎮竹園里彰新路４段115號,ok,201716.010,2668359.990,BLT3102-9,彰化縣和美鎮竹園里006鄰彰新路四段１１５號
彰化縣和美鎮竹營里和頭路237-1號,ok,199286.370,2668071.060,BLT5385-1,彰化縣和美鎮竹營里012鄰和頭路２３７之１號﹙違建活動中心﹚
彰化縣和美鎮竹營里德美路306號3樓,ok,199333.350,2667791.780,BLT6557-8,彰化縣和美鎮竹營里021鄰德美路３０６號三樓
彰化縣和美鎮竹社路１２5號,ok,202514.930,2667604.600,BLN9389-7,彰化縣和美鎮中圍里019鄰竹社路１２５號
彰化縣和美鎮糖友里糖友1街80號2樓；82號2樓,ok,,,,
彰化縣和美鎮美寮路一段390號,ok,201177.220,2667479.020,BLS7599-7,彰化縣和美鎮柑井里001鄰美寮路一段３９０號
彰化縣和美鎮美寮路１段390號,ok,201177.220,2667479.020,BLS7599-7,彰化縣和美鎮柑井里001鄰美寮路一段３９０號
彰化縣和美鎮西園路31號,ok,198518.280,2667631.650,BLR0008-0,彰化縣和美鎮和西里008鄰西園路３１號（和美國中）
彰化縣和美鎮西美路115號,ok,198128.910,2668491.890,BLR5218-8,彰化縣和美鎮四張里002鄰西美路１１５號
彰化縣和美鎮詔安里彰和路二段172號,ok,202194.830,2665153.740,BLV1102-6,彰化縣和美鎮詔安里006鄰彰和路二段１７２號
彰化縣和美鎮道周路346號,ok,,,,
彰化縣和美鎮還社里孝義路366巷6號,ok,201018.390,2668500.630,BLV2517-9,彰化縣和美鎮還社里008鄰孝義路３６６巷６號
彰化縣和美鎮鎮平里南平路11號,ok,200084.980,2664200.050,BLV2968-1,彰化縣和美鎮鎮平里005鄰南平路１１號
彰化縣和美鎮鎮西路７４號,ok,197661.030,2667868.860,BLR5630-6,彰化縣和美鎮四張里007鄰鎮西路７４號
彰化縣和美鎮鐵山里鎮東路190號,ok,200675.050,2666045.470,BLV5996-8,彰化縣和美鎮鐵山里009鄰嘉鐵路１９０號
彰化縣和美鎮鐵山里鎮東路臨196號,ok,201175.110,2666195.100,GBY7610-0,彰化縣和美鎮鐵山里007鄰鎮東路臨１９６號
彰化縣和美鎮雅安路２6５號,ok,197447.170,2666112.490,BLV8327-9,彰化縣和美鎮面前里006鄰雅安路２６５號
彰化縣和美鎮雅溝里南軒路359巷7號,ok,198327.920,2666116.460,BLV7393-5,彰化縣和美鎮雅溝里009鄰南軒路３５９巷７號
彰化縣和美鎮面前里和順路232號,ok,198209.950,2667312.310,BLV8833-1,彰化縣和美鎮面前里013鄰和順路２３２號
彰化縣和美鎮面前里雅安路265號,ok,197447.170,2666112.490,BLV8327-9,彰化縣和美鎮面前里006鄰雅安路２６５號
彰化縣和美鎮頭前里和頭路595號,ok,197970.690,2660541.020,BMG0889-1,彰化縣秀水鄉鶴鳴村014鄰彰鹿路５９５號
彰化縣和美鎮鹿和路6段337號,ok,198588.610,2667129.650,BLQ1583-5,彰化縣和美鎮仁愛里006鄰鹿和路六段３３７號
彰化縣員林市三和里和平東街61號,ok,207062.790,2650930.180,GDL1857-3,彰化縣員林市三和里011鄰和平東街６１號
彰化縣員林市三多里興華街21號,ok,206754.390,2651935.920,BMM8208-3,彰化縣員林市三多里006鄰興華街２１號
彰化縣員林市三民東街221號,ok,207176.100,2650675.030,BMM6957-6,彰化縣員林市三和里019鄰三民東街２２１號
彰化縣員林市三民街18號,ok,206677.820,2650556.110,BMQ0965-7,彰化縣員林市中正里005鄰三民街１８號
彰化縣員林市三潭巷27號,ok,204177.640,2651322.650,BMV6117-9,彰化縣員林市源潭里005鄰三潭巷２７號
彰化縣員林市三義路105號,ok,205963.560,2650152.130,BMN7656-5,彰化縣員林市三義里022鄰三義路１０５號
彰化縣員林市三義里員鹿路245巷112號,ok,205617.140,2649839.630,BMN7398-6,彰化縣員林市三義里019鄰員鹿路２４５巷１１２號
彰化縣員林市中央路115巷170號,ok,206704.470,2647725.560,BMN8806-5,彰化縣員林市中央里012鄰中央路１１５巷１７０號
彰化縣員林市中央里中央路115巷170號,ok,206704.470,2647725.560,BMN8806-5,彰化縣員林市中央里012鄰中央路１１５巷１７０號
彰化縣員林市中山南路一六七巷一五弄22號,ok,206421.420,2649879.780,BMT0815-9,彰化縣員林市惠來里023鄰中山南路１６７巷１５弄２２號
彰化縣員林市中山路2段280號,ok,206403.860,2651437.910,BMM2722-2,彰化縣員林市三信里014鄰中山路二段２８０號
彰化縣員林市中山路二段280號,ok,206403.860,2651437.910,BMM2722-2,彰化縣員林市三信里014鄰中山路二段２８０號
彰化縣員林市中東里山腳路5段184巷86號,ok,209356.110,2652133.280,BMQ0039-8,彰化縣員林市中東里005鄰山脚路五段１８４巷８６號
彰化縣員林市中正里三民東街25號,ok,206827.430,2650572.180,BMQ2075-0,彰化縣員林市中正里023鄰三民東街２５號
彰化縣員林市中正里林森路231巷30號,ok,206843.790,2650504.680,BMQ3252-2,彰化縣員林市中正里039鄰林森路２３１巷３０號
彰化縣員林市光明街31號,ok,206661.650,2649836.010,BMW3623-5,彰化縣員林市黎明里022鄰光明街３１號
彰化縣員林市光明里民生路50號,ok,206739.980,2650296.700,BMQ8055-0,彰化縣員林市光明里022鄰民生路５０號
彰化縣員林市出水巷18號之1,ok,210013.240,2649289.200,BMQ8308-1,彰化縣員林市出水里002鄰出水巷１８號之１
彰化縣員林市出水里出水巷18-1號,ok,210013.240,2649289.200,BMQ8308-1,彰化縣員林市出水里002鄰出水巷１８號之１
彰化縣員林市出水里湶洲巷3號,ok,209499.440,2648926.570,BMQ8629-6,彰化縣員林市出水里011鄰湶洲巷３號
彰化縣員林市出水里（巷）18-1號,ok,,,,
彰化縣員林市南平里新生路354號,ok,206121.000,2651095.320,BMR2779-0,彰化縣員林市南平里028鄰新生路３５４號
彰化縣員林市南東里員東路一段68巷87號,ok,209169.160,2651480.900,BMR2988-7,彰化縣員林市南東里001鄰員東路一段６８巷臨８７號
彰化縣員林市南東里山腳路四段212號,ok,209425.980,2651529.770,BMR3516-2,彰化縣員林市南東里010鄰山脚路四段２１２號
彰化縣員林市南潭路2號,ok,205246.320,2650987.340,BMR6666-8,彰化縣員林市南興里014鄰南潭路２號
彰化縣員林市和平東街61號,ok,207062.790,2650930.180,GDL1857-3,彰化縣員林市三和里011鄰和平東街６１號
彰化縣員林市員東路二段12號,ok,208001.380,2650866.150,BMV3913-7,彰化縣員林市浮圳里015鄰員東路二段１２號
彰化縣員林市員林市三多里興華街21號,ok,206754.390,2651935.920,BMM8208-3,彰化縣員林市三多里006鄰興華街２１號
彰化縣員林市員林市三條里成功東路259號,ok,207563.370,2650581.740,BMN2028-2,彰化縣員林市三條里008鄰成功東路２５９號
彰化縣員林市員林市仁美里和平東街34號1-2樓,ok,,,,
彰化縣員林市員林市員大路2段50號,ok,205064.060,2652192.550,BMS0397-7,彰化縣員林市大埔里004鄰員大路二段５０號
彰化縣員林市員林市員林大道六段365號,ok,205421.840,2650680.400,JTD2152-3,彰化縣員林市南興里002鄰員林大道六段３６５號
彰化縣員林市員林市大峰里大峰巷326弄1號,ok,,,,
彰化縣員林市員林市建國路49號,ok,207351.860,2651331.800,BMM5232-1,彰化縣員林市三和里009鄰建國路４９號
彰化縣員林市員林市忠孝街257號,ok,207152.940,2650295.450,BMS6738-1,彰化縣員林市忠孝里009鄰忠孝街２５７號
彰化縣員林市員林市明倫路229號,ok,207801.150,2649878.220,BMV9110-3,彰化縣員林市萬年里013鄰明倫路２２９號
彰化縣員林市員林市條和六街70號,ok,207942.330,2650698.330,GBY9728-0,彰化縣員林市三條里001鄰條和六街７０號
彰化縣員林市員林市溝皂一街32號,ok,206663.540,2649392.430,BMV7276-7,彰化縣員林市溝皂里010鄰溝皂一街３２號
彰化縣員林市員林市溝皂里21鄰溝皂五街21號1-1樓,ok,,,,
彰化縣員林市員林市至善街181號,ok,205984.100,2650645.540,BMT5317-6,彰化縣員林市新生里012鄰至善街１８１號
彰化縣員林市員林市至平街11號2樓,ok,205692.150,2650625.080,BMT6190-2,彰化縣員林市新生里021鄰至平街１１號
彰化縣員林市員林市興仁街73號,ok,205386.700,2651414.530,GBZ0026-7,彰化縣員林市南興里006鄰興仁街７３號
彰化縣員林市員林市西東里浮圳路一段365巷56弄36號,ok,208229.710,2651441.980,BMW0738-2,彰化縣員林市西東里006鄰浮圳路一段３６５巷５６弄３６號
彰化縣員林市員水路二段313號,ok,207439.290,2650065.030,BMV9250-5,彰化縣員林市萬年里014鄰員水路二段３１３號
彰化縣員林市員集路二段131號,ok,206852.220,2648375.000,BMN9006-5,彰化縣員林市中央里014鄰員集路二段１３１號
彰化縣員林市員鹿路245巷112號,ok,205617.140,2649839.630,BMN7398-6,彰化縣員林市三義里019鄰員鹿路２４５巷１１２號
彰化縣員林市大同路一段345號,ok,207151.820,2651032.150,BMM6853-9,彰化縣員林市三和里018鄰大同路一段３４５號
彰化縣員林市大峰里大峰巷326弄1號,ok,,,,
彰化縣員林市大明里員集路二段177巷65號,ok,206657.230,2648390.090,BMN9033-8,彰化縣員林市中央里014鄰員集路二段１７７巷６５號
彰化縣員林市大明里大饒路803巷21號,ok,207302.160,2648277.000,BMS2197-9,彰化縣員林市大明里013鄰大饒路８０３巷２１號
彰化縣員林市大饒里中正路56號B,ok,,,,
彰化縣員林市大饒里員集路二段244巷119號,ok,280466.070,2762814.600,FYX3823-7,桃園市八德區大福里029鄰天祥街１１９號
彰化縣員林市山腳路三段2巷150號,ok,209609.860,2650740.790,BMW1863-0,彰化縣員林市鎮興里013鄰山脚路三段２巷１５０號
彰化縣員林市山腳路二段606號,ok,209591.100,2650288.760,BMT2012-0,彰化縣員林市振興里006鄰山脚路二段６０６號
彰化縣員林市山腳路五段184巷86號,ok,209356.110,2652133.280,BMQ0039-8,彰化縣員林市中東里005鄰山脚路五段１８４巷８６號
彰化縣員林市山腳路六段47巷2'2號,ok,,,,
彰化縣員林市山腳路四段212號,ok,209425.980,2651529.770,BMR3516-2,彰化縣員林市南東里010鄰山脚路四段２１２號
彰化縣員林市山腳路四段49號,ok,209433.090,2651143.440,BMR3886-6,彰化縣員林市南東里021鄰山脚路四段４９號
彰化縣員林市崙雅里員水路一段449巷47號,ok,208795.180,2649572.530,GBZ0109-9,彰化縣員林市崙雅里009鄰員水路一段４４９巷４７號
彰化縣員林市崙雅里崙雅巷一段449巷47號,ok,203212.590,2664302.170,BLH2605-2,彰化縣彰化市長樂里003鄰三民路４７號
彰化縣員林市新生里雙景街50號,ok,205649.450,2650517.450,BMT6508-5,彰化縣員林市新生里025鄰雙景街５０號
彰化縣員林市新生里靜修路79號B,ok,,,,
彰化縣員林市新興里和平街15-1號,ok,,,,
彰化縣員林市新興里育英路103號B,ok,,,,
彰化縣員林市新興里育英路85號,ok,206714.170,2650744.860,BMT7357-1,彰化縣員林市新興里009鄰育英路８５號
彰化縣員林市明倫路2號,ok,207836.070,2649263.520,BMV8218-0,彰化縣員林市萬年里001鄰明倫路２號
彰化縣員林市東北里山腳路六段77巷21號,ok,169209.450,2543298.070,FPY2852-5,臺南市東區東門里001鄰東門路一段２１號
彰化縣員林市林厝里山腳路1段48巷57號,ok,209432.020,2648092.400,BMV0628-2,彰化縣員林市林厝里011鄰山脚路一段４８巷５７號
彰化縣員林市民生里四平街19巷7號,ok,207012.270,2649697.840,BMV2193-5,彰化縣員林市民生里010鄰四平街１９巷７號
彰化縣員林市浮圳巷8-15號,ok,,,,
彰化縣員林市浮圳里員東路一段465號,ok,208231.640,2650843.490,BMV5306-8,彰化縣員林市浮圳里021鄰員東路一段４６５號
彰化縣員林市浮圳里浮圳巷8之14號,ok,208663.790,2651108.040,BMV3775-5,彰化縣員林市浮圳里009鄰浮圳巷８號之１４
彰化縣員林市湖水路277號,ok,,,BMV5627-1,彰化縣員林市湖水里005鄰湖水路２７７號
彰化縣員林市湖水里湖水巷26號之10,ok,,,,
彰化縣員林市源泉路78-100號,ok,205503.450,2650444.940,BMR5198-7,彰化縣員林市南興里002鄰源泉路７８之１００號
彰化縣員林市源潭里三潭巷27-1號,ok,204182.590,2651348.800,BMV6116-8,彰化縣員林市源潭里005鄰三潭巷２７之１號
彰化縣員林市源潭里三潭巷27之1號,ok,204182.590,2651348.800,BMV6116-8,彰化縣員林市源潭里005鄰三潭巷２７之１號
彰化縣員林市溝皂里溝皂八街28號,ok,206068.450,2649430.830,GBZ0190-8,彰化縣員林市溝皂里006鄰溝皂八街２８號
彰化縣員林市無,ok,,,,
彰化縣員林市育英路103號,ok,206776.310,2650786.860,BMT7339-0,彰化縣員林市新興里009鄰育英路１０３號
彰化縣員林市萬年里員水路2段313號B,ok,,,,
彰化縣員林市萬年里萬年巷13號,ok,207522.220,2649195.770,BMV8373-0,彰化縣員林市萬年里004鄰萬年巷１３號
彰化縣員林市萬年里萬年巷8號,ok,207922.750,2649033.230,BMV8271-6,彰化縣員林市萬年里002鄰萬年巷８號
彰化縣員林市鎮興里山腳路3段2巷150號,ok,209609.860,2650740.790,BMW1863-0,彰化縣員林市鎮興里013鄰山脚路三段２巷１５０號
彰化縣員林市鎮興里山腳路三段2巷150號,ok,209609.860,2650740.790,BMW1863-0,彰化縣員林市鎮興里013鄰山脚路三段２巷１５０號
彰化縣員林市雙景街50號,ok,205649.450,2650517.450,BMT6508-5,彰化縣員林市新生里025鄰雙景街５０號
彰化縣員林市靜修路74號,ok,205783.120,2650941.400,BMQ8852-0,彰化縣員林市南平里003鄰靜修路７４號
彰化縣員林市靜修路79號,ok,205599.730,2650916.200,BMT6031-9,彰化縣員林市新生里019鄰靜修路７９號
彰化縣埔心鄉二重村瑤鳳路三段467號,ok,201789.024,2651131.356,BNH0281-7,彰化縣埔心鄉二重村008鄰瑤鳳路三段４６７號
彰化縣埔心鄉五通南路82號,ok,201734.965,2651784.946,BNG9977-2,彰化縣埔心鄉二重村005鄰五通南路８２號
彰化縣埔心鄉仁里村仁聖路171號,ok,203032.708,2648231.273,BNH0771-0,彰化縣埔心鄉仁里村004鄰仁聖路１７１號
彰化縣埔心鄉員鹿路4段201號,ok,201735.700,2649309.854,BNK0236-1,彰化縣埔心鄉舊舘村010鄰員鹿路四段２０１號
彰化縣埔心鄉員鹿路二段254號,ok,203723.473,2649930.715,BNJ9103-0,彰化縣埔心鄉義民村013鄰員鹿路二段２５４號
彰化縣埔心鄉員鹿路二段344號,ok,203539.812,2649900.236,BNJ8279-0,彰化縣埔心鄉義民村001鄰員鹿路二段３４４號
彰化縣埔心鄉員鹿路四段201號,ok,201735.700,2649309.854,BNK0236-1,彰化縣埔心鄉舊舘村010鄰員鹿路四段２０１號
彰化縣埔心鄉埔心村武英北路301號,ok,202670.502,2650207.522,BNH2679-2,彰化縣埔心鄉埔心村011鄰武英北路３０１號
彰化縣埔心鄉埔心鄉舊館村興霖路233號,ok,201462.866,2650008.589,BNJ9763-0,彰化縣埔心鄉舊舘村005鄰興霖路２３３號
彰化縣埔心鄉埤腳村菜寮路136巷31號,ok,200543.012,2652591.415,BNH3308-2,彰化縣埔心鄉埤脚村010鄰菜寮路１３６巷３１號
彰化縣埔心鄉埤霞村五通北路23號,ok,202040.042,2651965.841,BNH3797-1,彰化縣埔心鄉埤霞村006鄰五通北路２３號
彰化縣埔心鄉大溪路三段175號,ok,200376.660,2651829.040,BNJ0039-3,彰化縣埔心鄉梧鳳村005鄰大溪路三段１７５號
彰化縣埔心鄉大華村大明路202號,ok,203054.210,2648807.750,BNH5121-1,彰化縣埔心鄉大華村002鄰大明路２０２號
彰化縣埔心鄉太平村太平路170號,ok,204648.459,2648348.501,BNH6052-0,彰化縣埔心鄉太平村004鄰東平路１７０號
彰化縣埔心鄉太平村太平路336號,ok,204334.516,2648274.108,BNH6573-0,彰化縣埔心鄉太平村012鄰太平路３３６號
彰化縣埔心鄉太平路289號,ok,204494.822,2648214.312,BNH6069-9,彰化縣埔心鄉太平村005鄰太平路２８９號
彰化縣埔心鄉太平路336號,ok,204334.516,2648274.108,BNH6573-0,彰化縣埔心鄉太平村012鄰太平路３３６號
彰化縣埔心鄉忠義北路57號,ok,203382.450,2650075.970,BNJ9060-7,彰化縣埔心鄉義民村012鄰忠義北路５７號
彰化縣埔心鄉文昌東路100號,ok,200437.313,2648692.743,BNJ8026-0,彰化縣埔心鄉羅厝村013鄰文昌東路１００號
彰化縣埔心鄉新舘村新舘路87號,ok,202288.350,2648275.070,BNH7381-8,彰化縣埔心鄉新舘村008鄰新舘路８７號
彰化縣埔心鄉梧鳳村瑤鳳路四段361號,ok,200326.893,2651741.067,BNH9910-9,彰化縣埔心鄉梧鳳村003鄰瑤鳳路四段３６１號
彰化縣埔心鄉油車村瑤鳳路二段347號,ok,203452.994,2650769.819,BNJ0672-2,彰化縣埔心鄉油車村003鄰瑤鳳路二段３４７號
彰化縣埔心鄉瓦中村明聖路4段172號,ok,205134.132,2649835.626,BNJ1709-2,彰化縣埔心鄉瓦中村006鄰明聖路四段１７２號
彰化縣埔心鄉瓦中村明聖路四段180號,ok,205113.475,2649851.480,BNJ1713-9,彰化縣埔心鄉瓦中村006鄰明聖路四段１８０號
彰化縣埔心鄉瓦北村瑤鳳路一段51號,ok,205085.190,2650237.506,BNJ3328-1,彰化縣埔心鄉瓦北村008鄰瑤鳳路一段５１號
彰化縣埔心鄉瓦南村明聖路三段128巷3號,ok,205250.340,2649465.160,BNJ5520-8,彰化縣埔心鄉瓦南村004鄰明聖路三段１２８巷３號
彰化縣埔心鄉經口村明道路36號,ok,205067.535,2648402.627,BNJ6038-7,彰化縣埔心鄉經口村001鄰明聖路二段３６號
彰化縣埔心鄉羅厝村羅厝路二段138號,ok,200742.416,2648447.079,BNJ7987-7,彰化縣埔心鄉羅厝村011鄰羅厝路二段１３８號
彰化縣埔心鄉義民村員鹿路二段328號,ok,203623.614,2649910.728,BNJ9030-0,彰化縣埔心鄉義民村012鄰員鹿路二段３２８號
彰化縣埔心鄉芎蕉村仁安路65巷103號,ok,200742.792,2649719.996,BNK1230-0,彰化縣埔心鄉芎蕉村011鄰仁安路６５巷１０３號
彰化縣埔心鄉西安南路178號,ok,204968.876,2649687.124,BNJ2731-5,彰化縣埔心鄉瓦北村001鄰西安南路１７８號
彰化縣埔鹽鄉6鄰大新路一巷12之8號,ok,193255.227,2653568.199,BNG3308-8,彰化縣埔鹽鄉新水村006鄰大新路１巷１２號之８
彰化縣埔鹽鄉三省村好金路2巷5-1號,ok,193668.260,2652430.010,BNF3518-0,彰化縣埔鹽鄉三省村007鄰好金路２巷５號之１
彰化縣埔鹽鄉中正路192號,ok,195431.950,2655182.480,BNG0866-0,彰化縣埔鹽鄉好修村013鄰中正路１９２號
彰化縣埔鹽鄉南新村好金路61號,ok,194907.210,2654372.992,BNF5226-0,彰化縣埔鹽鄉南新村003鄰好金路６１號
彰化縣埔鹽鄉南港村埔菜路29-2號,ok,198693.955,2653783.376,BNF6612-0,彰化縣埔鹽鄉南港村016鄰埔菜路２９號之２
彰化縣埔鹽鄉同會址,ok,,,,
彰化縣埔鹽鄉員鹿路二段149號,ok,195017.183,2655927.240,BNG0630-2,彰化縣埔鹽鄉好修村010鄰員鹿路二段１４９號
彰化縣埔鹽鄉員鹿路二段60號B,ok,,,,
彰化縣埔鹽鄉埔南村彰水路1段340巷32號,ok,196914.031,2654525.367,BNF7370-5,彰化縣埔鹽鄉埔南村014鄰彰水路一段３４０巷３２號
彰化縣埔鹽鄉埔打路45-1號,ok,197925.093,2652878.902,BNG9187-0,彰化縣埔鹽鄉豐澤村003鄰埔打路４５號之１
彰化縣埔鹽鄉埔打路45之1號,ok,197925.093,2652878.902,BNG9187-0,彰化縣埔鹽鄉豐澤村003鄰埔打路４５號之１
彰化縣埔鹽鄉埔菜路29之2號,ok,198693.955,2653783.376,BNF6612-0,彰化縣埔鹽鄉南港村016鄰埔菜路２９號之２
彰化縣埔鹽鄉埔鹽村中正路120號,ok,196268.080,2654775.410,BNF8115-6,彰化縣埔鹽鄉埔鹽村013鄰中正路１２０號
彰化縣埔鹽鄉埔鹽鄉大有村員鹿路三段68-1號,ok,194298.350,2656797.200,BNF8953-6,彰化縣埔鹽鄉大有村010鄰員鹿路三段６８之１號
彰化縣埔鹽鄉埔鹽鄉廍子村光明路1段101號,ok,197757.660,2656127.920,BNG2118-0,彰化縣埔鹽鄉廍子村006鄰光明路一段１０１號
彰化縣埔鹽鄉埔鹽鄉新興村員鹿路3段689號,ok,193547.390,2657411.700,BNG3787-5,彰化縣埔鹽鄉新興村003鄰員鹿路三段６８９號
彰化縣埔鹽鄉埔鹽鄉瓦嗂村光明路2段60-1號,ok,196541.948,2656324.578,BNG6055-8,彰化縣埔鹽鄉瓦磘村003鄰光明路二段臨６０之１號
彰化縣埔鹽鄉埔鹽鄉豐澤村埔打路臨48-28號,ok,197855.571,2652834.863,BNG9167-7,彰化縣埔鹽鄉豐澤村003鄰埔打路臨４８之２８號
彰化縣埔鹽鄉大新路15號,ok,193553.404,2653560.257,BNG3281-3,彰化縣埔鹽鄉新水村005鄰大新路１５號
彰化縣埔鹽鄉大有村員鹿路3段68之1號,ok,194298.350,2656797.200,BNF8953-6,彰化縣埔鹽鄉大有村010鄰員鹿路三段６８之１號
彰化縣埔鹽鄉天盛村成功路3段286號,ok,191879.883,2653293.093,BNF9078-1,彰化縣埔鹽鄉天盛村001鄰成功路三段２８６號
彰化縣埔鹽鄉天盛村番金路68-1號,ok,191876.380,2653478.770,BNF9097-5,彰化縣埔鹽鄉天盛村001鄰番金路６８之１號
彰化縣埔鹽鄉太平村番金路58號,ok,192361.685,2652991.518,BNF9733-0,彰化縣埔鹽鄉太平村006鄰番金路５８號
彰化縣埔鹽鄉好修村中正路162號,ok,195672.431,2655069.348,BNG0806-9,彰化縣埔鹽鄉好修村013鄰中正路１６２號
彰化縣埔鹽鄉好修村員鹿路2段149號,ok,195017.183,2655927.240,BNG0630-2,彰化縣埔鹽鄉好修村010鄰員鹿路二段１４９號
彰化縣埔鹽鄉好修村員鹿路2段97巷12-3號,ok,319548.850,2775091.190,CCL3755-0,基隆市七堵區堵南里006鄰溪頭街１２之３號
彰化縣埔鹽鄉崑崙村彰水路48號,ok,196987.107,2653607.564,BNG1506-3,彰化縣埔鹽鄉崑崙村005鄰彰水路一段４８號
彰化縣埔鹽鄉廍子村光明路一段101號,ok,197757.660,2656127.920,BNG2118-0,彰化縣埔鹽鄉廍子村006鄰光明路一段１０１號
彰化縣埔鹽鄉彰水路一段252號,ok,196876.830,2654325.520,BNF7235-9,彰化縣埔鹽鄉埔南村011鄰彰水路一段２５２號
彰化縣埔鹽鄉彰水路一段340巷32號,ok,196914.031,2654525.367,BNF7370-5,彰化縣埔鹽鄉埔南村014鄰彰水路一段３４０巷３２號
彰化縣埔鹽鄉打廉村埔打路19-15號,ok,198615.766,2652840.506,BNG2888-5,彰化縣埔鹽鄉打廉村008鄰埔打路臨１９之１５號
彰化縣埔鹽鄉打廉村埔打路7-7號,ok,198755.493,2652787.631,BNG2927-5,彰化縣埔鹽鄉打廉村008鄰埔打路７號之７
彰化縣埔鹽鄉新水村大新路21號,ok,193876.672,2654380.856,BNG2990-1,彰化縣埔鹽鄉新水村001鄰大新路２１號
彰化縣埔鹽鄉新水村大新路一巷15號,ok,193301.443,2653505.153,BNG3309-9,彰化縣埔鹽鄉新水村006鄰大新路１巷１５號
彰化縣埔鹽鄉永平村員鹿路3段227-2號,ok,193533.820,2657575.792,BNG5061-1,彰化縣埔鹽鄉永平村003鄰員鹿路三段２２７之２號
彰化縣埔鹽鄉永平村番金路100-29號,ok,192174.862,2656318.463,BNG5311-0,彰化縣埔鹽鄉永平村008鄰番金路１００號之２９
彰化縣埔鹽鄉永樂村永樂路435號,ok,192423.280,2655153.730,BNG5785-0,彰化縣埔鹽鄉永樂村005鄰永樂路４３５號
彰化縣埔鹽鄉永樂村永樂路600號,ok,192136.843,2655200.142,BNG5817-1,彰化縣埔鹽鄉永樂村006鄰永樂路６００號
彰化縣埔鹽鄉永樂路435號,ok,192423.280,2655153.730,BNG5785-0,彰化縣埔鹽鄉永樂村005鄰永樂路４３５號
彰化縣埔鹽鄉永樂路600號,ok,192136.843,2655200.142,BNG5817-1,彰化縣埔鹽鄉永樂村006鄰永樂路６００號
彰化縣埔鹽鄉無,ok,,,,
彰化縣埔鹽鄉瓦磘村光明路2段60之1號,ok,196541.948,2656324.578,BNG6055-8,彰化縣埔鹽鄉瓦磘村003鄰光明路二段臨６０之１號
彰化縣埔鹽鄉番金路67-5號,ok,191878.046,2653263.072,BNF9093-0,彰化縣埔鹽鄉天盛村001鄰番金路６７號之５
彰化縣埔鹽鄉番金路68之1號,ok,191876.380,2653478.770,BNF9097-5,彰化縣埔鹽鄉天盛村001鄰番金路６８之１號
彰化縣埔鹽鄉石埤村番金路2巷臨12號,ok,191058.778,2654005.578,BNG6637-3,彰化縣埔鹽鄉石埤村002鄰番金路２巷臨１２號
彰化縣埔鹽鄉石埤村番金路87-1號,ok,191324.281,2653992.484,BNG6813-1,彰化縣埔鹽鄉石埤村005鄰番金路８７號之１
彰化縣埔鹽鄉西湖村大新路2巷22-6號,ok,194201.687,2655657.144,BNG7526-1,彰化縣埔鹽鄉西湖村013鄰大新路２巷臨２２之６號
彰化縣埔鹽鄉角樹村(日月池)員鹿路一段53號,ok,,,,
彰化縣埔鹽鄉角樹村員鹿路1段74號,ok,196094.617,2653390.298,BNG7888-5,彰化縣埔鹽鄉角樹村005鄰員鹿路一段７４號
彰化縣埤頭鄉中南路145號,ok,196811.339,2643286.547,BNY1917-3,彰化縣埤頭鄉埤頭村005鄰中南路１４５號
彰化縣埤頭鄉中和村廟前路68號,ok,194823.046,2637976.070,BNX7380-1,彰化縣埤頭鄉中和村008鄰廟前路６８號
彰化縣埤頭鄉中和村溪林路284號,ok,195029.552,2638226.490,BNX6975-9,彰化縣埤頭鄉中和村002鄰溪林路２８４號
彰化縣埤頭鄉中學路67號,ok,195058.790,2641905.728,BNY5006-0,彰化縣埤頭鄉崙腳村004鄰中學路６７號
彰化縣埤頭鄉中華路434號,ok,196451.640,2644774.157,BNY9570-9,彰化縣埤頭鄉興農村012鄰十號路４３４號
彰化縣埤頭鄉元埔村文化路459巷11號,ok,198293.870,2640824.930,BNX7751-9,彰化縣埤頭鄉元埔村001鄰文化路４５９巷１１號
彰化縣埤頭鄉元埔村文化路495巷11號,ok,197799.644,2640849.528,BNX7790-6,彰化縣埤頭鄉元埔村002鄰大埔路１１號
彰化縣埤頭鄉光華路124號,ok,197462.371,2639687.417,BNY7525-6,彰化縣埤頭鄉新庄村012鄰光華路１２４號
彰化縣埤頭鄉合興村文鄉路135號,ok,194885.400,2643308.780,BNX8602-0,彰化縣埤頭鄉合興村006鄰文鄉路１３５號
彰化縣埤頭鄉合興村文鄉路161號,ok,194892.355,2643378.076,BNX8618-9,彰化縣埤頭鄉合興村006鄰文鄉路１６１號
彰化縣埤頭鄉合興村斗苑西路32號B,ok,,,,
彰化縣埤頭鄉埔尾路51號,ok,197769.876,2642886.412,BNY0399-0,彰化縣埤頭鄉和豊村002鄰埔尾路５１號
彰化縣埤頭鄉埤頭村中南路145號,ok,196811.339,2643286.547,BNY1917-3,彰化縣埤頭鄉埤頭村005鄰中南路１４５號
彰化縣埤頭鄉埤頭鄉興農村中興巷87號,ok,196900.662,2643573.137,BNY9059-9,彰化縣埤頭鄉興農村003鄰中興巷８７號
彰化縣埤頭鄉大湖村大湖路260號,ok,194264.244,2640281.299,BNY2973-6,彰化縣埤頭鄉大湖村010鄰大湖路２６０號
彰化縣埤頭鄉大湖路260號,ok,194264.244,2640281.299,BNY2973-6,彰化縣埤頭鄉大湖村010鄰大湖路２６０號
彰化縣埤頭鄉安康街72號,ok,195015.178,2642836.790,BNY6118-0,彰化縣埤頭鄉平原村016鄰安康街７２號
彰化縣埤頭鄉崙子村崙子路11號,ok,194860.350,2644607.301,BNY3289-7,彰化縣埤頭鄉崙子村004鄰崙子路１１號
彰化縣埤頭鄉崙腳村中學路67號,ok,195058.790,2641905.728,BNY5006-0,彰化縣埤頭鄉崙腳村004鄰中學路６７號
彰化縣埤頭鄉崙腳村和平路271巷12號,ok,195851.977,2642100.163,BNY5150-7,彰化縣埤頭鄉崙腳村008鄰和平路２７１巷１２號
彰化縣埤頭鄉平原村安康街72號,ok,195015.178,2642836.790,BNY6118-0,彰化縣埤頭鄉平原村016鄰安康街７２號
彰化縣埤頭鄉平原村平原路170號,ok,195962.440,2642447.250,BNY5300-2,彰化縣埤頭鄉平原村004鄰平原路１７０號
彰化縣埤頭鄉平原村平原路171號,ok,198265.460,2668069.040,BLR5966-7,彰化縣和美鎮四張里012鄰平原路１７１號
彰化縣埤頭鄉庄內村光明路276號,ok,195054.607,2637867.286,BNY6812-6,彰化縣埤頭鄉庄內村009鄰光明路２７６號
彰化縣埤頭鄉庄內村光明路292號,ok,195014.657,2637863.676,BNY6538-7,彰化縣埤頭鄉庄內村001鄰光明路２９２號
彰化縣埤頭鄉彰水路三段352巷45號,ok,195016.991,2642810.845,BNY6156-7,彰化縣埤頭鄉平原村016鄰彰水路三段３５２巷４５號
彰化縣埤頭鄉文化路495巷11號,ok,,,,
彰化縣埤頭鄉文化路829號,ok,197288.086,2640777.231,BNZ0587-7,彰化縣埤頭鄉芙朝村020鄰文化路８２９號
彰化縣埤頭鄉文鄉路135號,ok,194885.400,2643308.780,BNX8602-0,彰化縣埤頭鄉合興村006鄰文鄉路１３５號
彰化縣埤頭鄉文鄉路161號,ok,194892.355,2643378.076,BNX8618-9,彰化縣埤頭鄉合興村006鄰文鄉路１６１號
彰化縣埤頭鄉新庄村光華路124號,ok,197462.371,2639687.417,BNY7525-6,彰化縣埤頭鄉新庄村012鄰光華路１２４號
彰化縣埤頭鄉東西路621號,ok,,,,
彰化縣埤頭鄉校前路50號,ok,195042.070,2645954.717,BNZ1271-3,彰化縣埤頭鄉豊崙村014鄰校前路５０號
彰化縣埤頭鄉永豐村東西路421號,ok,193997.372,2643871.961,BNY7916-7,彰化縣埤頭鄉永豐村005鄰東西路４２１號
彰化縣埤頭鄉溪林路284號,ok,195029.552,2638226.490,BNX6975-9,彰化縣埤頭鄉中和村002鄰溪林路２８４號
彰化縣埤頭鄉竹圍村竹圍路187號,ok,194447.276,2638704.021,BNY8763-1,彰化縣埤頭鄉竹圍村009鄰竹圍路１８７號
彰化縣埤頭鄉竹圍路187號,ok,194447.276,2638704.021,BNY8763-1,彰化縣埤頭鄉竹圍村009鄰竹圍路１８７號
彰化縣埤頭鄉芙朝村文化路829號,ok,197288.086,2640777.231,BNZ0587-7,彰化縣埤頭鄉芙朝村020鄰文化路８２９號
彰化縣埤頭鄉芙朝村芙朝路205號,ok,197131.090,2640731.314,BNZ0605-1,彰化縣埤頭鄉芙朝村020鄰芙朝路２０５號
彰化縣埤頭鄉豊崙村校前路50號,ok,195042.070,2645954.717,BNZ1271-3,彰化縣埤頭鄉豊崙村014鄰校前路５０號
彰化縣埤頭鄉豐崙村校前路128號,ok,194865.100,2645985.860,BNZ1233-8,彰化縣埤頭鄉豊崙村014鄰校前路１２８號
彰化縣埤頭鄉陸嘉村中華路434號,ok,208354.039,2638849.219,BMZ8087-8,彰化縣田中鎮中路里017鄰中南路三段４３４號
彰化縣大城鄉三豐村平康路1-1號,ok,178851.870,2643279.710,JVS3851-3,彰化縣大城鄉三豐村004鄰平康路１之１號
彰化縣大城鄉三豐村東盛路1號,ok,178876.893,2642470.761,BPB9550-6,彰化縣大城鄉三豐村007鄰東盛路１號
彰化縣大城鄉上山村大山路2之1號,ok,182596.228,2638002.018,BPB9669-0,彰化縣大城鄉上山村004鄰大山路２之１號
彰化縣大城鄉上山村大山路2號之1,ok,182596.228,2638002.018,BPB9669-0,彰化縣大城鄉上山村004鄰大山路２之１號
彰化縣大城鄉中央路2號,ok,177581.278,2639846.540,BPC2263-9,彰化縣大城鄉東港村004鄰中央路２號
彰化縣大城鄉中平路132號,ok,180801.617,2638924.523,BPC2029-0,彰化縣大城鄉東城村009鄰中平路１３２號
彰化縣大城鄉中平路176號,ok,180770.881,2638911.710,BPC0857-0,彰化縣大城鄉大城村009鄰中平路１７６號
彰化縣大城鄉公館村廟口路1號,ok,179009.754,2638118.727,BPC0238-0,彰化縣大城鄉公館村012鄰大埔路１號
彰化縣大城鄉公館村東西路43號,ok,177693.099,2639259.333,BPC0105-8,彰化縣大城鄉公館村004鄰東西路４３號
彰化縣大城鄉公館村青埔路7-8號,ok,178963.260,2637506.246,BPC0389-3,彰化縣大城鄉公館村020鄰青埔路７之８號
彰化縣大城鄉南平路224號,ok,181145.651,2638901.112,BPC2063-2,彰化縣大城鄉東城村009鄰南平路２２４號
彰化縣大城鄉台西村順應路4號,ok,178679.800,2642387.970,BPB9596-0,彰化縣大城鄉三豐村009鄰順元路４號
彰化縣大城鄉大城村中平路132號,ok,180801.617,2638924.523,BPC2029-0,彰化縣大城鄉東城村009鄰中平路１３２號
彰化縣大城鄉大城村西平路176號,ok,180836.610,2639351.108,BPC0599-1,彰化縣大城鄉大城村003鄰西平路１７６號
彰化縣大城鄉大山路2-1號,ok,182596.228,2638002.018,BPB9669-0,彰化縣大城鄉上山村004鄰大山路２之１號
彰化縣大城鄉天惠路40-2號,ok,184143.652,2637869.001,BPC3305-6,彰化縣大城鄉潭墘村017鄰天惠路４０之２號
彰化縣大城鄉山腳村大山路47號,ok,180743.470,2637643.050,BPC1192-7,彰化縣大城鄉山腳村006鄰大山路４７號
彰化縣大城鄉平和路5號,ok,179643.735,2641801.200,BPC6077-5,彰化縣大城鄉豐美村010鄰平和路５號
彰化縣大城鄉東城村中平路161號,ok,180821.806,2638891.338,BPC1982-9,彰化縣大城鄉東城村008鄰中平路１６１號
彰化縣大城鄉東城村中平路163號,ok,180853.045,2638868.836,BPC1983-0,彰化縣大城鄉東城村008鄰中平路１６３號
彰化縣大城鄉東城村南平路224號,ok,181145.651,2638901.112,BPC2063-2,彰化縣大城鄉東城村009鄰南平路２２４號
彰化縣大城鄉東城村南平路74號,ok,180989.136,2639097.819,BPC1785-6,彰化縣大城鄉東城村002鄰東平路７４號
彰化縣大城鄉東城村大安路40-1號,ok,234592.940,2456091.470,BYS9936-8,屏東縣牡丹鄉東源村002鄰東源路４０之１號
彰化縣大城鄉東平路6號,ok,180201.529,2640687.436,BPC3690-8,彰化縣大城鄉菜寮村001鄰東平路６號
彰化縣大城鄉東港村中央路2-1號,ok,177627.890,2639934.840,BPC2298-0,彰化縣大城鄉東港村005鄰中央路２之１號
彰化縣大城鄉東港村中央路2號,ok,177581.278,2639846.540,BPC2263-9,彰化縣大城鄉東港村004鄰中央路２號
彰化縣大城鄉永和村青埔路7-3號,ok,178905.618,2637424.021,BPC0386-0,彰化縣大城鄉公館村020鄰青埔路７之３號
彰化縣大城鄉潭墘村光復路1-5號,ok,315758.600,2668756.480,CBD3687-9,花蓮縣新城鄉新城村009鄰中山路１之５號
彰化縣大城鄉潭墘村天惠路42-1號,ok,203906.840,2654218.290,BNC9663-2,彰化縣大村鄉大村村019鄰大仁路一段４２之１號
彰化縣大城鄉潭墘村潭城路1號,ok,183617.940,2636992.080,BPC3103-8,彰化縣大城鄉潭墘村007鄰潭城路１號
彰化縣大城鄉菜寮村東平路6號,ok,180201.529,2640687.436,BPC3690-8,彰化縣大城鄉菜寮村001鄰東平路６號
彰化縣大城鄉西城村西勢路31-2號,ok,180463.328,2639406.479,BPC5236-8,彰化縣大城鄉西城村006鄰西勢路３１號之２
彰化縣大城鄉西港村永鎮路35號,ok,176944.350,2639999.990,BPC5676-8,彰化縣大城鄉西港村007鄰通海路３５號
彰化縣大城鄉許厝巷10號,ok,,,,
彰化縣大城鄉豐美村平和路31號,ok,179584.804,2641715.054,BPC5880-0,彰化縣大城鄉豐美村001鄰平和路３１號
彰化縣大城鄉頂庄村東厝路63-1號,ok,177144.140,2638451.041,BPC6189-1,彰化縣大城鄉頂庄村008鄰東厝路６３之１號
彰化縣大城鄉頂庄村東厝路70號,ok,177042.915,2638311.828,BPC6198-2,彰化縣大城鄉頂庄村008鄰東厝路７０號
彰化縣大村鄉中山路一段118號,ok,206477.639,2652623.748,BND7805-6,彰化縣大村鄉美港村011鄰中山路一段１１８號
彰化縣大村鄉中山路三段193巷69號,ok,204795.630,2655053.520,BND0180-8,彰化縣大村鄉大橋村010鄰中山路三段１９３巷６９號
彰化縣大村鄉中山路二段240號,ok,205789.324,2653781.242,BND3683-8,彰化縣大村鄉村上村008鄰中山路二段２４０號
彰化縣大村鄉中山路二段242號,ok,205714.214,2653867.384,BND3828-7,彰化縣大村鄉村上村011鄰中山路二段２４２號
彰化縣大村鄉中正東路98巷2號,ok,205910.035,2653855.956,BND3893-6,彰化縣大村鄉村上村011鄰中正東路９８巷２號
彰化縣大村鄉中正西路338號,ok,203927.950,2654375.120,BNC7826-6,彰化縣大村鄉大村村001鄰中正西路３３８號
彰化縣大村鄉中正西路381號,ok,203747.006,2654402.513,BNC7867-5,彰化縣大村鄉大村村001鄰中正西路３８１號
彰化縣大村鄉加錫二巷3之8號,ok,201730.290,2653485.050,BNC5928-2,彰化縣大村鄉加錫村002鄰加錫二巷３之８號
彰化縣大村鄉加錫村加錫二巷3-8號,ok,201730.290,2653485.050,BNC5928-2,彰化縣大村鄉加錫村002鄰加錫二巷３之８號
彰化縣大村鄉南勢村南一橫巷3-11號,ok,204224.880,2653007.700,BNC6999-1,彰化縣大村鄉南勢村009鄰南一橫巷３號之１１
彰化縣大村鄉南勢村南一橫巷3-12號,ok,204247.647,2653024.479,BNC7000-1,彰化縣大村鄉南勢村009鄰南一橫巷３號之１２
彰化縣大村鄉大崙二巷28之2號,ok,200615.830,2653905.650,BNC7688-3,彰化縣大村鄉大崙村018鄰大崙二巷２８之２號
彰化縣大村鄉大崙村7鄰大崙2巷28-2號,ok,200615.830,2653905.650,BNC7688-3,彰化縣大村鄉大崙村018鄰大崙二巷２８之２號
彰化縣大村鄉大崙村大崙路10-55號,ok,201705.300,2653409.670,BNC7772-9,彰化縣大村鄉大崙村020鄰大崙路１０之５５號
彰化縣大村鄉大崙路10號之55,ok,201705.300,2653409.670,BNC7772-9,彰化縣大村鄉大崙村020鄰大崙路１０之５５號
彰化縣大村鄉大崙路4-2號,ok,203036.720,2653798.830,BND9387-7,彰化縣大村鄉貢旗村008鄰大崙路４之２號
彰化縣大村鄉大村村忠孝街18號,ok,203823.870,2654541.290,GDL1910-1,彰化縣大村鄉大村村005鄰忠孝街１８號
彰化縣大村鄉大村村茄苳路1段203號,ok,203634.023,2654892.282,BNC9008-8,彰化縣大村鄉大村村015鄰茄苳路一段２０３號
彰化縣大村鄉大村鄉中正西路280巷2弄53號,ok,203974.690,2654626.680,BNC7801-7,彰化縣大村鄉大村村001鄰中正西路２８０巷２弄５３號
彰化縣大村鄉大村鄉加錫村加錫二巷3之8號,ok,201730.290,2653485.050,BNC5928-2,彰化縣大村鄉加錫村002鄰加錫二巷３之８號
彰化縣大村鄉大村鄉大崙村大崙二巷28-2號,ok,200615.830,2653905.650,BNC7688-3,彰化縣大村鄉大崙村018鄰大崙二巷２８之２號
彰化縣大村鄉大橋村中山路3段193巷69號,ok,204795.630,2655053.520,BND0180-8,彰化縣大村鄉大橋村010鄰中山路三段１９３巷６９號
彰化縣大村鄉大橋村中山路三段193巷69號,ok,204795.630,2655053.520,BND0180-8,彰化縣大村鄉大橋村010鄰中山路三段１９３巷６９號
彰化縣大村鄉學府路168號,ok,208928.000,2655219.230,BND6598-3,彰化縣大村鄉福興村010鄰學府路１６８號
彰化縣大村鄉學府路169號,ok,203705.760,2657950.720,BMJ7319-0,彰化縣花壇鄉長沙村024鄰學府路１６９號
彰化縣大村鄉山腳路102號之1,ok,207831.780,2654370.900,BND6635-1,彰化縣大村鄉福興村010鄰山脚路１０２號之１
彰化縣大村鄉平和村聖瑤東路77號,ok,207004.330,2654832.930,BND1189-0,彰化縣大村鄉平和村009鄰聖瑤東路７７號
彰化縣大村鄉擺塘村擺塘橫巷1-1號,ok,205199.666,2653465.059,BND2388-0,彰化縣大村鄉擺塘村012鄰擺塘橫巷１號之１
彰化縣大村鄉擺塘橫巷1號之1,ok,205199.666,2653465.059,BND2388-0,彰化縣大村鄉擺塘村012鄰擺塘橫巷１號之１
彰化縣大村鄉新興巷6-3號,ok,,,,
彰化縣大村鄉新興村新興巷6-3號,ok,201730.320,2640634.460,BNQ6827-8,彰化縣北斗鎮七星里010鄰宮前街６之３號
彰化縣大村鄉新興村新興巷6-3號彰化縣大村鄉新興村新興巷11號,ok,180862.542,2639257.752,BPC0578-7,彰化縣大城鄉大城村003鄰北平路１１號
彰化縣大村鄉村上村中山路二段240號,ok,205789.324,2653781.242,BND3683-8,彰化縣大村鄉村上村008鄰中山路二段２４０號
彰化縣大村鄉村上村中正東路98巷2號,ok,205910.035,2653855.956,BND3893-6,彰化縣大村鄉村上村011鄰中正東路９８巷２號
彰化縣大村鄉田洋巷11號,ok,202507.900,2654701.920,BND5301-9,彰化縣大村鄉田洋村004鄰田洋巷１１號
彰化縣大村鄉田洋村田洋巷11-2號,ok,191130.430,2669614.450,GBY7797-6,彰化縣線西鄉塭仔村010鄰慶安南三路１１之２號
彰化縣大村鄉田洋村田洋巷11號,ok,202507.900,2654701.920,BND5301-9,彰化縣大村鄉田洋村004鄰田洋巷１１號
彰化縣大村鄉福興村山腳路102號之1,ok,207831.780,2654370.900,BND6635-1,彰化縣大村鄉福興村010鄰山脚路１０２號之１
彰化縣大村鄉福興村山腳路88-1號,ok,207680.550,2654116.010,BND5922-1,彰化縣大村鄉福興村004鄰山腳路８８之２５號
彰化縣大村鄉美港村中山路一段118號,ok,206477.639,2652623.748,BND7805-6,彰化縣大村鄉美港村011鄰中山路一段１１８號
彰化縣大村鄉聖瑤東路79號,ok,206994.800,2654857.800,BND1190-3,彰化縣大村鄉平和村009鄰聖瑤東路７９號
彰化縣大村鄉茄苳村茄苳路2段141巷31號,ok,203088.450,2656056.580,BND8830-0,彰化縣大村鄉茄苳村006鄰茄苳路二段１４１巷３１號
彰化縣大村鄉茄苳路一段203號,ok,203634.023,2654892.282,BNC9008-8,彰化縣大村鄉大村村015鄰茄苳路一段２０３號
彰化縣大村鄉茄苳路二段141巷31號,ok,203088.450,2656056.580,BND8830-0,彰化縣大村鄉茄苳村006鄰茄苳路二段１４１巷３１號
彰化縣大村鄉貢旗村大崙路2-1號,ok,203066.775,2653805.941,BND9359-2,彰化縣大村鄉貢旗村008鄰大崙路２號之１
彰化縣大村鄉貢旗村大崙路4-2號,ok,203036.720,2653798.830,BND9387-7,彰化縣大村鄉貢旗村008鄰大崙路４之２號
彰化縣大村鄉過溝三巷36-2號,ok,,,,
彰化縣大村鄉過溝村過溝三巷36-2號,ok,204616.336,2654303.958,BNF0676-1,彰化縣大村鄉過溝村013鄰過溝三巷３６號之２
彰化縣大村鄉過溝村鎮安二巷5號,ok,205254.860,2653956.720,BNF0221-5,彰化縣大村鄉過溝村005鄰鎮安二巷５號
彰化縣大村鄉黃厝村山腳路34-1號,ok,208419.411,2653188.870,BNF1552-5,彰化縣大村鄉黃厝村001鄰山腳路３４號之１
彰化縣彰化市一心南街208號,ok,209170.720,2663578.070,BLD1139-9,彰化縣彰化市牛埔里019鄰一心南街２０８號
彰化縣彰化市三民路279巷15之5號,ok,279771.470,2764905.800,JTL8962-3,桃園市桃園區中正里013鄰正光路１５之５號
彰化縣彰化市三民路407號2樓,ok,203975.320,2664694.060,BLG2278-2,彰化縣彰化市萬安里005鄰三民路４０７號二樓
彰化縣彰化市三民路436號,ok,204157.520,2664681.430,BLJ0318-6,彰化縣彰化市陽明里020鄰三民路４３６號
彰化縣彰化市下廍里泰安二街115號,ok,203959.280,2665367.290,BKQ9087-0,彰化縣彰化市下廍里004鄰泰安二街１１５號
彰化縣彰化市中山路1段213號,ok,202614.350,2661537.720,BKV3019-3,彰化縣彰化市南興里009鄰中山路一段２１３號
彰化縣彰化市中山路一段189巷49號,ok,202478.840,2661479.770,BKV3018-2,彰化縣彰化市南興里009鄰中山路一段１８９巷４９號
彰化縣彰化市中山路一段213號,ok,202614.350,2661537.720,BKV3019-3,彰化縣彰化市南興里009鄰中山路一段２１３號
彰化縣彰化市中山路三段21之1號,ok,204597.210,2664453.010,BKW8062-1,彰化縣彰化市和調里009鄰中山路三段２１號之１
彰化縣彰化市中山路三段608號,ok,206132.610,2665289.580,BKW9977-0,彰化縣彰化市國聖里010鄰中山路三段６０８號
彰化縣彰化市中山路二段678號,ok,203903.100,2664168.750,BKR2752-7,彰化縣彰化市中山里008鄰中山路二段６７８號
彰化縣彰化市中正路2段450號,ok,202732.220,2663127.070,BKZ6838-2,彰化縣彰化市彰安里014鄰中正路二段４５０號
彰化縣彰化市中正路二段450號,ok,202732.220,2663127.070,BKZ6838-2,彰化縣彰化市彰安里014鄰中正路二段４５０號
彰化縣彰化市中正路二段530號,ok,202742.540,2662927.440,BKZ6839-3,彰化縣彰化市彰安里014鄰中正路二段５３０號
彰化縣彰化市中正路二段675巷33號,ok,,,,
彰化縣彰化市中興路98號,ok,204067.160,2662856.220,BKR9890-3,彰化縣彰化市介壽里015鄰中興路９８號
彰化縣彰化市中華西路21-1號,ok,202628.560,2663427.770,BLH0372-7,彰化縣彰化市西興里003鄰中華西路２１之１號
彰化縣彰化市中華西路283巷49弄1號,ok,202149.620,2662854.890,BKX9237-6,彰化縣彰化市崙平里011鄰中華西路２８３巷４９弄１號
彰化縣彰化市中華路111巷17號,ok,203374.270,2663718.130,BKX1630-9,彰化縣彰化市大同里022鄰中華路１１１巷１７號
彰化縣彰化市中華路195號,ok,203150.500,2663734.140,BKR1913-1,彰化縣彰化市中央里008鄰中華路１９５號
彰化縣彰化市互助一街42號,ok,209234.090,2662937.830,BKW2620-6,彰化縣彰化市台鳳里013鄰互助一街臨４２號
彰化縣彰化市介壽北路1號,ok,204245.100,2662439.610,BKZ3370-6,彰化縣彰化市建寶里001鄰介壽北路１號
彰化縣彰化市介壽新村21號,ok,204506.710,2662796.080,BKR9259-7,彰化縣彰化市介壽里003鄰介壽新村２１號
彰化縣彰化市介壽里中興路78號,ok,204396.870,2662964.570,BKR9385-1,彰化縣彰化市介壽里005鄰中興路７８號
彰化縣彰化市介壽里介壽新村21號99年建物,ok,,,,
彰化縣彰化市介壽里師大路2號,ok,205022.290,2662320.570,BKR9268-8,彰化縣彰化市介壽里003鄰師大路２號
彰化縣彰化市光復路62號,ok,203581.740,2664088.910,BKT2760-7,彰化縣彰化市光復里001鄰光復路６２號
彰化縣彰化市光復里光復路62號,ok,203581.740,2664088.910,BKT2760-7,彰化縣彰化市光復里001鄰光復路６２號
彰化縣彰化市公園路二段102之1號,ok,205157.980,2663125.590,BLC5581-3,彰化縣彰化市桃源里006鄰公園路二段１０２之１號
彰化縣彰化市公園路二段76號,ok,205022.540,2663142.790,BLC5506-2,彰化縣彰化市桃源里005鄰公園路二段７６號
彰化縣彰化市南校街160號1樓,ok,203617.760,2663110.540,BLF8987-3,彰化縣彰化市華北里010鄰南校街１６０號
彰化縣彰化市南興里中山路一段189巷49號,ok,202478.840,2661479.770,BKV3018-2,彰化縣彰化市南興里009鄰中山路一段１８９巷４９號
彰化縣彰化市南郭路一段47巷13號2樓,ok,203775.850,2663493.060,BLC1993-3,彰化縣彰化市東興里020鄰南郭路一段４７巷１３號二樓
彰化縣彰化市卦山路13號,ok,204700.350,2663817.970,BKV8227-0,彰化縣彰化市卦山里009鄰卦山路１３號
彰化縣彰化市古夷里泰和路3段364號,ok,205652.750,2665486.430,BKV9938-8,彰化縣彰化市古夷里006鄰泰和路三段３６４號
彰化縣彰化市同上,ok,,,,
彰化縣彰化市向陽街168號,ok,202046.980,2662068.560,BKW3795-1,彰化縣彰化市向陽里004鄰向陽街１６８號
彰化縣彰化市向陽里中央路132號,ok,,,,
彰化縣彰化市向陽里崙平南路39號,ok,201898.390,2662393.910,BKW5833-9,彰化縣彰化市向陽里010鄰崙平南路３９號
彰化縣彰化市和調里工校街1號,ok,204853.340,2664241.020,BKW7356-9,彰化縣彰化市和調里001鄰工校街１號
彰化縣彰化市國聖里175巷139號,ok,206532.850,2665456.510,BKX0716-0,彰化縣彰化市國聖里024鄰金馬東路１３９號
彰化縣彰化市埔西街107號,ok,203038.380,2661690.330,BKY7597-3,彰化縣彰化市延和里021鄰埔西街１０７號
彰化縣彰化市埔西街111號,ok,203188.650,2661703.310,BKY7598-5,彰化縣彰化市延和里021鄰埔西街１１１號
彰化縣彰化市埔西街212-246號,ok,,,,
彰化縣彰化市大埔路666號,ok,203541.990,2662643.600,BKY8396-0,彰化縣彰化市延平里006鄰大埔路６６６號
彰化縣彰化市大竹里40-1號,ok,,,CJD1155-3,嘉義市西區美源里002鄰新庄街４０之１號
彰化縣彰化市安溪里安溪路81巷5號,ok,207087.550,2664046.070,BKX5165-0,彰化縣彰化市安溪里010鄰安溪路８１巷５號
彰化縣彰化市寶廍里寶廍路139號,ok,205433.640,2666449.590,BKX6735-7,彰化縣彰化市寶廍里006鄰寶廍路１３９號
彰化縣彰化市工校街1號,ok,204853.340,2664241.020,BKW7356-9,彰化縣彰化市和調里001鄰工校街１號
彰化縣彰化市平和七街66號,ok,202272.250,2662669.310,BKX8117-5,彰化縣彰化市崙平里005鄰平和七街６６號
彰化縣彰化市平和里38號之1,ok,165785.620,2541753.470,FQH2120-1,臺南市南區彰南里003鄰新愛路３８號之１
彰化縣彰化市平順街8號,ok,201623.150,2662656.500,JRY9893-5,彰化縣彰化市平和里012鄰平順街８號
彰化縣彰化市延和里埔西街111號,ok,203188.650,2661703.310,BKY7598-5,彰化縣彰化市延和里021鄰埔西街１１１號
彰化縣彰化市延平里埔陽街60號,ok,203776.390,2662112.310,BKZ1966-0,彰化縣彰化市延平里040鄰埔陽街６０號
彰化縣彰化市延平里文心街55號,ok,203382.570,2662390.060,BKY8885-2,彰化縣彰化市延平里009鄰文心街５５號
彰化縣彰化市建國東路69號,ok,204457.380,2665494.850,BLH5739-8,彰化縣彰化市阿夷里010鄰建國東路６９號
彰化縣彰化市建寶里介壽南路69巷6號,ok,203920.420,2662471.740,BKZ5223-3,彰化縣彰化市建寶里017鄰介壽南路６９巷６號
彰化縣彰化市彰化市三村里三村路836巷57號,ok,207792.690,2665936.290,BKQ8260-0,彰化縣彰化市三村里002鄰三村路８３６巷５７號
彰化縣彰化市彰化市中山路一段556巷21弄2號2-3樓,ok,,,,
彰化縣彰化市彰化市中正路二段851號,ok,,,,
彰化縣彰化市彰化市仁愛路102巷118號(彰安宮3樓),ok,202930.920,2662841.060,BKZ7597-9,彰化縣彰化市彰安里023鄰仁愛路１１８號
彰化縣彰化市彰化市仁愛路67巷11號,ok,203108.000,2662760.470,BLB5879-3,彰化縣彰化市成功里019鄰仁愛路６７巷１１號
彰化縣彰化市彰化市光南里南校街56號1-3樓,ok,,,,
彰化縣彰化市彰化市公園路1段284號,ok,204349.990,2663405.790,BLC1353-8,彰化縣彰化市東興里007鄰公園路一段２８４號
彰化縣彰化市彰化市南安里彰鹿路120巷147弄18號,ok,200385.130,2661638.590,BKT5009-5,彰化縣彰化市南安里002鄰彰鹿路１２０巷１４７弄１８號
彰化縣彰化市彰化市南館街72號2樓,ok,201966.110,2662774.150,BKX8763-9,彰化縣彰化市崙平里008鄰南館街７２號
彰化縣彰化市彰化市台鳳里一德南路225號,ok,209190.460,2663271.560,BKW1539-0,彰化縣彰化市台鳳里005鄰一德南路２２５號
彰化縣彰化市彰化市和調里實踐路58之1號,ok,204707.760,2664314.450,BKW8719-0,彰化縣彰化市和調里016鄰實踐路５８之１號
彰化縣彰化市彰化市大埔路485巷106號1樓,ok,,,,
彰化縣彰化市彰化市大埔路485巷10號1樓,ok,203409.760,2662209.940,BKZ0152-6,彰化縣彰化市延平里022鄰大埔路４８５巷１０號
彰化縣彰化市彰化市安溪里安溪路81巷5號,ok,207087.550,2664046.070,BKX5165-0,彰化縣彰化市安溪里010鄰安溪路８１巷５號
彰化縣彰化市彰化市平和五街100號1-3樓,ok,,,,
彰化縣彰化市彰化市平和里平順二街28號1-3樓,ok,,,,
彰化縣彰化市彰化市平安街64巷12號,ok,201761.770,2662838.520,BKY1752-2,彰化縣彰化市平和里009鄰平安街６４巷１２號
彰化縣彰化市彰化市平順一街27號,ok,201562.930,2662534.340,BKY2129-0,彰化縣彰化市平和里012鄰平順一街２７號
彰化縣彰化市彰化市建國北路181號1-3樓,ok,,,,
彰化縣彰化市彰化市彰南路2段164巷36號1-2樓,ok,,,,
彰化縣彰化市彰化市忠權里自立街155號,ok,202917.590,2664673.800,BLB1693-0,彰化縣彰化市忠權里006鄰自立街１５５號
彰化縣彰化市彰化市忠誠路48號,ok,202541.160,2664443.810,BLG6522-1,彰化縣彰化市西勢里009鄰忠誠路４８號
彰化縣彰化市彰化市快官里彰南路5段8號,ok,210665.850,2662672.680,BLB3306-3,彰化縣彰化市快官里002鄰彰南路五段８號
彰化縣彰化市彰化市成功路313號1-2樓,ok,,,,
彰化縣彰化市彰化市新興里彰新路1段117號,ok,203018.280,2665217.820,BLB8236-7,彰化縣彰化市新興里017鄰彰新路一段１１７號
彰化縣彰化市彰化市新興里永安街336號,ok,203545.500,2665218.310,BLB9875-6,彰化縣彰化市新興里033鄰永安街３３６號
彰化縣彰化市彰化市旭光路39號3樓,ok,203717.350,2662114.340,BKZ2181-9,彰化縣彰化市延平里042鄰埔陽街３９號三樓
彰化縣彰化市彰化市民族路129巷2號1-2樓,ok,,,,
彰化縣彰化市彰化市泰和中街282號,ok,204635.570,2665717.210,BLH3800-8,彰化縣彰化市阿夷里003鄰泰和中街２８２號
彰化縣彰化市彰化市瑞陽街30號,ok,203674.920,2662229.670,BKZ2128-3,彰化縣彰化市延平里041鄰瑞陽街３０號
彰化縣彰化市彰化市石牌里石牌路1段192巷3號,ok,210686.760,2661167.930,BLD2113-2,彰化縣彰化市石牌里002鄰石牌路一段１９２巷３號
彰化縣彰化市彰化市竹和路176-1號,ok,204066.330,2662991.390,JTX1165-5,彰化縣彰化市介壽里016鄰介壽北路１７６之１號
彰化縣彰化市彰化市竹巷里彰南路5段8號,ok,210665.850,2662672.680,BLB3306-3,彰化縣彰化市快官里002鄰彰南路五段８號
彰化縣彰化市彰化市西勢里忠誠路1號,ok,202675.990,2664385.470,BLG5158-8,彰化縣彰化市西勢里001鄰忠誠路１號
彰化縣彰化市彰化市辭修北路198巷66號,ok,203437.190,2665280.450,BLB8635-8,彰化縣彰化市新興里021鄰辭修北路１９８巷６６號
彰化縣彰化市彰化市辭修路128巷1號,ok,203006.710,2664653.190,BLB0985-5,彰化縣彰化市忠孝里010鄰辭修路１２８巷１號
彰化縣彰化市彰化市金馬路一段477號,ok,204655.160,2665953.820,BLH5066-0,彰化縣彰化市阿夷里006鄰金馬路一段４７７號
彰化縣彰化市彰化市長壽街14號,ok,203911.830,2664439.400,BLB6351-0,彰化縣彰化市文化里008鄰長壽街１４號
彰化縣彰化市彰化市長壽街161、163號,ok,203499.740,2664342.690,BKT0957-0,彰化縣彰化市信義里005鄰長壽街１６１號
彰化縣彰化市彰化市長樂里和平路173號,ok,203220.580,2664403.860,BLH2516-2,彰化縣彰化市長樂里001鄰和平路１７３號
彰化縣彰化市彰化市陽明街1號,ok,203594.330,2664506.620,BLC8081-0,彰化縣彰化市民生里009鄰陽明街１號
彰化縣彰化市彰南路4段566號,ok,210545.660,2662668.780,BLB3360-0,彰化縣彰化市快官里002鄰彰南路四段５６６號
彰化縣彰化市彰南路5段8號,ok,210665.850,2662672.680,BLB3306-3,彰化縣彰化市快官里002鄰彰南路五段８號
彰化縣彰化市彰南路一段395巷19號,ok,206851.170,2664685.360,BLD7081-1,彰化縣彰化市福山里007鄰彰南路一段３９５巷１９號
彰化縣彰化市彰南路三段226號,ok,210952.020,2662266.320,BLB3636-9,彰化縣彰化市快官里008鄰彰南路五段２２６號
彰化縣彰化市彰南路二段164巷41號,ok,207337.190,2664270.050,BKX2600-7,彰化縣彰化市大竹里008鄰彰南路二段１６４巷４１號
彰化縣彰化市彰南路二段256-18號1-3樓,ok,207655.080,2664348.230,BKX3377-2,彰化縣彰化市大竹里014鄰彰南路二段２５６之１８號
彰化縣彰化市彰南路二段256-9號1-3樓,ok,207618.780,2664364.680,BKX3386-3,彰化縣彰化市大竹里014鄰彰南路二段２５６之９號
彰化縣彰化市彰南路二段512巷97號,ok,208264.230,2663983.850,BLJ1591-5,彰化縣彰化市香山里011鄰彰南路二段５１２巷９７號
彰化縣彰化市彰南路二段55巷7號,ok,207087.110,2664594.450,BLF1239-7,彰化縣彰化市竹中里006鄰彰南路二段５５巷７號
彰化縣彰化市彰南路四段566號,ok,210545.660,2662668.780,BLB3360-0,彰化縣彰化市快官里002鄰彰南路四段５６６號
彰化縣彰化市彰南路四段566號之1,ok,210612.440,2662710.470,BLB3361-0,彰化縣彰化市快官里002鄰彰南路四段５６６號之１
彰化縣彰化市彰水路145號,ok,201034.070,2661612.080,BLF7619-9,彰化縣彰化市莿桐里010鄰彰水路１４５號
彰化縣彰化市彰美路一段8巷42弄30之7號,ok,203429.850,2664837.540,BLC0117-3,彰化縣彰化市新華里006鄰彰美路一段８巷４２弄３０之７號
彰化縣彰化市彰馬路45號,ok,200791.850,2662024.890,BLC5071-7,彰化縣彰化市東芳里017鄰彰馬路４５號
彰化縣彰化市復興里竹和路176-1號,ok,193833.370,2597834.087,CHJ9552-9,嘉義市東區北門里007鄰興中街１７６之１號
彰化縣彰化市復興里進德路1號,ok,205114.910,2664121.320,BKZ9320-0,彰化縣彰化市復興里017鄰進德路１號
彰化縣彰化市忠權里自立街146號,ok,202934.050,2664632.660,BLB1873-1,彰化縣彰化市忠權里008鄰自立街１４６號
彰化縣彰化市忠誠路61號,ok,202435.540,2664431.680,BLG6538-0,彰化縣彰化市西勢里009鄰忠誠路６１號
彰化縣彰化市快官里彰南路4段566號之1,ok,210612.440,2662710.470,BLB3361-0,彰化縣彰化市快官里002鄰彰南路四段５６６號之１
彰化縣彰化市成功里旭光西路39號,ok,203366.910,2662958.490,BLB5810-2,彰化縣彰化市成功里018鄰旭光西路３９號
彰化縣彰化市新興里彰新路一段117號,ok,203018.280,2665217.820,BLB8236-7,彰化縣彰化市新興里017鄰彰新路一段１１７號
彰化縣彰化市旭光路69號,ok,203935.070,2663332.070,BLF8518-9,彰化縣彰化市華北里002鄰旭光路６９號
彰化縣彰化市東芳里永芳路468號,ok,195208.240,2486906.820,BXF7122-9,屏東縣東港鎮東新里012鄰中正路二段４６８號
彰化縣彰化市桃源里公園路2段102之1號,ok,205157.980,2663125.590,BLC5581-3,彰化縣彰化市桃源里006鄰公園路二段１０２之１號
彰化縣彰化市桃源里公園路2段301號,ok,205779.160,2662888.280,BLC5855-0,彰化縣彰化市桃源里012鄰公園路二段３０１號
彰化縣彰化市民族路369號,ok,203195.980,2663320.850,BLG7918-1,彰化縣彰化市西安里011鄰民族路３６９號
彰化縣彰化市民族路467號,ok,203225.050,2663589.140,BLC6608-1,彰化縣彰化市民權里004鄰民族路４６７號
彰化縣彰化市民權路155號(民權市場地下室1樓),ok,203108.080,2663517.340,BKX5913-2,彰化縣彰化市富貴里002鄰民權路１５５號
彰化縣彰化市民生路229巷13號,ok,203456.850,2663941.330,BKT3812-6,彰化縣彰化市光華里013鄰民生路２２９巷１３號
彰化縣彰化市民生路259號,ok,203456.890,2664101.120,BKT3037-0,彰化縣彰化市光復里010鄰民生路２５９號
彰化縣彰化市民生路279-3號,ok,,,,
彰化縣彰化市民生路279之3號,ok,,,,
彰化縣彰化市民生路281-5號,ok,202613.800,2505921.720,BXQ0113-5,屏東縣麟洛鄉新田村021鄰民生路２８１之５號
彰化縣彰化市民生路338號,ok,203541.540,2664381.630,BLC8028-6,彰化縣彰化市民生里009鄰民生路３３８號
彰化縣彰化市永安街336號,ok,203545.500,2665218.310,BLB9875-6,彰化縣彰化市新興里033鄰永安街３３６號
彰化縣彰化市永樂街57巷15號,ok,203451.010,2663510.680,BLC8873-5,彰化縣彰化市永生里015鄰永樂街５７巷１５號
彰化縣彰化市永芳路468號,ok,202631.700,2663837.160,BLH1166-7,彰化縣彰化市西興里011鄰辭修路４６８號
彰化縣彰化市泰和路2段145巷1號,ok,204422.860,2665394.570,BLH6213-7,彰化縣彰化市阿夷里013鄰泰和路二段１４５巷１號
彰化縣彰化市泰和路二段145巷1號,ok,204422.860,2665394.570,BLH6213-7,彰化縣彰化市阿夷里013鄰泰和路二段１４５巷１號
彰化縣彰化市無,ok,,,,
彰化縣彰化市牛埔里一心南街208號,ok,209170.720,2663578.070,BLD1139-9,彰化縣彰化市牛埔里019鄰一心南街２０８號
彰化縣彰化市牛埔里彰南路3段226號,ok,212263.820,2655595.210,BMM0753-1,彰化縣芬園鄉進芬村004鄰彰南路三段２２６號
彰化縣彰化市牛埔里彰南路3段234巷22號,ok,209066.750,2664050.920,BLD0332-3,彰化縣彰化市牛埔里007鄰彰南路三段２３４巷２２號
彰化縣彰化市田中路125號,ok,209768.780,2664658.420,BLD1965-5,彰化縣彰化市田中里009鄰田中路１２５號
彰化縣彰化市田坑路一段9號,ok,210781.850,2661546.190,BLD2037-8,彰化縣彰化市石牌里001鄰田坑路一段９號
彰化縣彰化市石牌里田坑路一段9號,ok,210781.850,2661546.190,BLD2037-8,彰化縣彰化市石牌里001鄰田坑路一段９號
彰化縣彰化市石牌里石牌路一段192巷3號,ok,210686.760,2661167.930,BLD2113-2,彰化縣彰化市石牌里002鄰石牌路一段１９２巷３號
彰化縣彰化市磚瑤里彰南路443巷44弄15號,ok,,,,
彰化縣彰化市社區自行興建,ok,,,,
彰化縣彰化市福山街168號,ok,206281.820,2664217.500,BLD9370-6,彰化縣彰化市福山里027鄰福山街１６８號
彰化縣彰化市福山里福山街168號(公文寄送地),ok,206281.820,2664217.500,BLD9370-6,彰化縣彰化市福山里027鄰福山街１６８號
彰化縣彰化市福田里福田一路51巷124號,ok,182177.529,2503846.889,CXT8127-5,高雄市苓雅區文昌里016鄰義勇路１２４號
彰化縣彰化市竹中路4號,ok,202641.610,2663460.530,BLH0522-2,彰化縣彰化市西興里004鄰中華西路４號
彰化縣彰化市自強路303號,ok,203953.490,2665215.580,BKR0599-8,彰化縣彰化市下廍里017鄰自強路３０３號
彰化縣彰化市自強路357號,ok,204088.860,2665243.580,BKQ8887-0,彰化縣彰化市下廍里001鄰自強路３５７號
彰化縣彰化市茄南里金馬路二段260號,ok,203527.790,2665663.810,BLF5113-0,彰化縣彰化市茄南里009鄰金馬路二段２６０號
彰化縣彰化市茄苳路二段292號,ok,204075.140,2666588.410,BLF6173-6,彰化縣彰化市茄苳里008鄰茄苳路二段２９２號
彰化縣彰化市茄苳里茄苳莊45-10號,ok,,,,
彰化縣彰化市莿桐里彰水路53巷17號,ok,201135.540,2661861.630,BLF7169-3,彰化縣彰化市莿桐里007鄰彰水路５３巷１７號
彰化縣彰化市莿桐里彰水路53巷8號,ok,201105.440,2661881.600,BLF7179-6,彰化縣彰化市莿桐里007鄰彰水路５３巷８號
彰化縣彰化市華陽里南郭路1段326號,ok,204558.370,2663130.740,BLF9970-9,彰化縣彰化市華陽里010鄰南郭路一段３２６號
彰化縣彰化市萬安里建國南路42-1號,ok,204366.270,2664963.450,BLG5120-3,彰化縣彰化市萬安里028鄰建國南路４２之１號
彰化縣彰化市西勢里忠誠路1號,ok,202675.990,2664385.470,BLG5158-8,彰化縣彰化市西勢里001鄰忠誠路１號
彰化縣彰化市金馬路三段539巷26弄6號,ok,,,,
彰化縣彰化市長樂里和平路173號,ok,203220.580,2664403.860,BLH2516-2,彰化縣彰化市長樂里001鄰和平路１７３號
彰化縣彰化市長順街76號,ok,204293.470,2664637.440,BLH9721-3,彰化縣彰化市陽明里006鄰長順街７６號
彰化縣彰化市阿夷里泰和路2段211之1號,ok,,,,
彰化縣彰化市陳稜路2號,ok,203738.900,2663942.130,BLC9690-3,彰化縣彰化市永福里010鄰陳稜路２號
彰化縣彰化市香山里彰南路2段618巷11號,ok,208525.520,2664152.020,BLJ1221-1,彰化縣彰化市香山里009鄰彰南路二段６１８巷１１號
彰化縣永靖鄉中肚巷52號,ok,200495.590,2646106.363,BNL8355-5,彰化縣永靖鄉福興村011鄰中肚巷５２號
彰化縣永靖鄉九分路192-1號,ok,,,,
彰化縣永靖鄉五汴巷1號,ok,,,,
彰化縣永靖鄉五汴村五汴巷1號,ok,206339.960,2650226.950,BMS7972-3,彰化縣員林市惠來里005鄰中山南路１號
彰化縣永靖鄉五福巷99-1號,ok,,,,
彰化縣永靖鄉五福村五福巷99-1號,ok,184248.620,2470244.400,BYP5618-6,屏東縣琉球鄉天福村002鄰中正路９９之１號
彰化縣永靖鄉光雲村意善巷78-1號,ok,229728.270,2727168.070,BKD7676-7,苗栗縣後龍鎮大山里005鄰上大山脚７８之１號
彰化縣永靖鄉光雲村意善巷79號,ok,204778.182,2647023.358,BNK5075-2,彰化縣永靖鄉光雲村011鄰意善巷７９號
彰化縣永靖鄉同仁村東畔路7-1號,ok,201049.040,2619909.190,BQT0667-2,雲林縣斗六市久安里014鄰深圳路７之１號
彰化縣永靖鄉同安村西畔巷11-1號,ok,207232.860,2651683.460,BMN3620-7,彰化縣員林市三橋里004鄰大榮街１１之１號
彰化縣永靖鄉四湳路55-1號,ok,201541.540,2646681.430,BNK6036-0,彰化縣永靖鄉四芳村010鄰四湳路５５之１號
彰化縣永靖鄉四芳村四湳路55-1號,ok,201541.540,2646681.430,BNK6036-0,彰化縣永靖鄉四芳村010鄰四湳路５５之１號
彰化縣永靖鄉崙子村九分路216號,ok,205688.910,2647475.260,BNK6286-6,彰化縣永靖鄉崙子村011鄰九分路２１６號
彰化縣永靖鄉崙美村獨鰲路270巷8-1號,ok,167949.782,2604764.226,BST3023-7,雲林縣口湖鄉後厝村001鄰後厝８之１號
彰化縣永靖鄉忠心路13-1號,ok,201694.900,2597158.640,BWH3539-8,嘉義縣番路鄉江西村004鄰柿仔脚１３之１號
彰化縣永靖鄉意善巷78-1號,ok,,,,
彰化縣永靖鄉新莊村永社路75-1號,ok,184878.778,2619269.340,BRR0083-0,雲林縣土庫鎮埤腳里017鄰扶朝７５之１號
彰化縣永靖鄉東寧村浮圳路490號,ok,205395.994,2645821.107,BNK8589-6,彰化縣永靖鄉東寧村014鄰浮圳路４９０號
彰化縣永靖鄉東畔路7-1號,ok,,,,
彰化縣永靖鄉永北村水尾路192巷1-1號,ok,167483.290,2612756.350,BST1039-7,雲林縣口湖鄉埔北村009鄰林圍１之１號
彰化縣永靖鄉永坡路101號,ok,203732.483,2646978.549,BNK9658-6,彰化縣永靖鄉永北村014鄰永坡路１０１號
彰化縣永靖鄉永安街86號2-3樓,ok,,,,
彰化縣永靖鄉永東村中山路二段65號,ok,203986.186,2646307.551,BNL1091-1,彰化縣永靖鄉永東村005鄰中山路二段６５號
彰化縣永靖鄉永社路266號,ok,203817.867,2645704.579,BNL3616-7,彰化縣永靖鄉港西村001鄰永社路２６６號
彰化縣永靖鄉永社路267號,ok,203758.829,2645705.215,BNL5089-3,彰化縣永靖鄉港西村016鄰永社路２６７號
彰化縣永靖鄉永社路75-1號,ok,198254.620,2674452.910,BLX2093-6,彰化縣伸港鄉全興村007鄰全興路７５之１號
彰化縣永靖鄉永興路2段32號,ok,205906.574,2646835.772,BNK7931-6,彰化縣永靖鄉東寧村002鄰永興路二段３２號
彰化縣永靖鄉永西村瑚璉路245巷7號,ok,203990.262,2646690.120,BNL2992-3,彰化縣永靖鄉永西村015鄰瑚璉路２４５巷７號
彰化縣永靖鄉永西路155號,ok,204230.399,2645070.811,BNL6139-0,彰化縣永靖鄉湳港村012鄰永社路１５５號
彰化縣永靖鄉永靖鄉永寧街46巷20號,ok,203985.281,2646510.548,BNL1061-6,彰化縣永靖鄉永東村003鄰永寧街４６巷２０號
彰化縣永靖鄉永靖鄉永福路2段160號,ok,201400.912,2646237.017,BNL8065-8,彰化縣永靖鄉福興村001鄰永福路二段１６０號
彰化縣永靖鄉永靖鄉永西村瑚璉路臨356-2號,ok,191902.100,2639459.232,BPF2629-9,彰化縣竹塘鄉竹塘村021鄰竹五路（臨）２號
彰化縣永靖鄉永靖鄉港西村五福巷118號之2,ok,167135.556,2620001.159,BSP9920-5,雲林縣臺西鄉溪頂村017鄰溪頂１１８號之２
彰化縣永靖鄉湳墘村忠心路13-1號,ok,225572.250,2719907.330,BKF8605-0,苗栗縣後龍鎮福寧里001鄰頭湖１３之１號
彰化縣永靖鄉湳港村永社路186號,ok,204050.489,2645197.189,BNL5921-0,彰化縣永靖鄉湳港村005鄰永社路１８６號
彰化縣永靖鄉獨鰲村獨鰲路一段3號,ok,173756.420,2543761.290,FPD1326-9,臺南市永康區崑山里006鄰永大路一段３號
彰化縣永靖鄉獨鰲路270巷8-1號,ok,183566.567,2636672.561,BPC3053-5,彰化縣大城鄉潭墘村005鄰光復路８之１號
彰化縣永靖鄉獨鰲路二段9號,ok,202225.420,2646075.130,BNK7313-6,彰化縣永靖鄉敦厚村009鄰獨鰲路二段９號
彰化縣永靖鄉瑚璉村5鄰中山路二段428號,ok,204509.202,2647014.313,BNL6961-2,彰化縣永靖鄉瑚璉村005鄰中山路二段４２８號
彰化縣永靖鄉瑚璉村錫壽路123號,ok,204311.385,2647346.626,BNL6528-0,彰化縣永靖鄉瑚璉村001鄰錫壽路１２３號
彰化縣永靖鄉瑚璉村錫壽路3號,ok,204430.620,2646984.530,BNL6777-5,彰化縣永靖鄉瑚璉村003鄰錫壽路３號
彰化縣永靖鄉福德巷36-1號,ok,,,,
彰化縣永靖鄉福德巷36號,ok,203311.222,2645661.637,BNL0328-0,彰化縣永靖鄉永南村011鄰福德巷３６號
彰化縣永靖鄉福興村中肚巷52號,ok,200495.590,2646106.363,BNL8355-5,彰化縣永靖鄉福興村011鄰中肚巷５２號
彰化縣永靖鄉竹中巷41號,ok,,,,
彰化縣永靖鄉竹子村竹中巷41號,ok,199506.590,2646726.310,BNL8700-1,彰化縣永靖鄉竹子村007鄰竹中巷臨４１號
彰化縣永靖鄉竹子村竹後巷47號,ok,185478.625,2651573.374,BNZ6860-9,彰化縣芳苑鄉崙腳村010鄰草崙路４７號
彰化縣永靖鄉裕農路58號,ok,204161.760,2646635.808,BNL7628-7,彰化縣永靖鄉瑚璉村013鄰裕農路５８號
彰化縣永靖鄉西畔巷11-1號,ok,,,,
彰化縣永靖鄉通訊地址:永靖鄉湳港村永社路186號,ok,,,,
彰化縣永靖鄉錫壽路123號,ok,204311.385,2647346.626,BNL6528-0,彰化縣永靖鄉瑚璉村001鄰錫壽路１２３號
彰化縣溪州鄉三圳村庄內巷42號,ok,205997.820,2656515.240,BMG1731-5,彰化縣花壇鄉三春村002鄰溪埔路４２號
彰化縣溪州鄉三條村九甲一巷4號,ok,197208.690,2664683.790,BLN2722-1,彰化縣鹿港鎮頂番里003鄰頂草路一段４號
彰化縣溪州鄉下樹巷29號,ok,201401.079,2637283.183,BPF5706-7,彰化縣溪州鄉圳寮村006鄰下樹巷２９號
彰化縣溪州鄉中央路2段31號,ok,198567.210,2635939.600,BPF5036-1,彰化縣溪州鄉三條村001鄰中央路二段３１號
彰化縣溪州鄉中央路三段300號,ok,198569.121,2638542.491,BPG3370-0,彰化縣溪州鄉溪州村017鄰中央路三段３００號
彰化縣溪州鄉中山路2段362號,ok,197043.983,2638062.290,BPG2133-5,彰化縣溪州鄉溪厝村011鄰中山路二段３６２號
彰化縣溪州鄉中山路3段415號,ok,204913.315,2648112.439,BNK2533-6,彰化縣永靖鄉五汴村011鄰中山路三段４１５號
彰化縣溪州鄉中山路3段512號,ok,205930.420,2665054.590,BKX0236-9,彰化縣彰化市國聖里018鄰中山路三段５１２號
彰化縣溪州鄉中山路三段451號,ok,198814.182,2638888.979,BPF7726-9,彰化縣溪州鄉尾厝村012鄰中山路三段４５１號
彰化縣溪州鄉中山路二段326號,ok,198502.446,2638827.116,BPG2982-8,彰化縣溪州鄉溪州村010鄰中山路三段３２６號
彰化縣溪州鄉公園路95號,ok,198145.390,2638836.282,BPG3053-0,彰化縣溪州鄉溪州村011鄰公園路９５號
彰化縣溪州鄉圳寮村下樹巷29號,ok,201401.079,2637283.183,BPF5706-7,彰化縣溪州鄉圳寮村006鄰下樹巷２９號
彰化縣溪州鄉大庄村中橫巷1號,ok,205939.240,2634715.920,BPF6377-3,彰化縣溪州鄉大庄村010鄰中橫巷１號
彰化縣溪州鄉大庄村東橫巷2-1號,ok,200208.435,2645715.822,BNX3725-0,彰化縣田尾鄉陸豐村001鄰民生路三段２之１號
彰化縣溪州鄉太平路137號,ok,196172.713,2636503.113,BPG1160-3,彰化縣溪州鄉水尾村002鄰太平路１３７號
彰化縣溪州鄉廣一巷24號,ok,203132.937,2637699.253,BPG7359-0,彰化縣溪州鄉西畔村014鄰廣一巷２４號
彰化縣溪州鄉張厝村民生路1段295巷12號,ok,200288.181,2634589.045,BPF8187-8,彰化縣溪州鄉張厝村004鄰民生路一段２９５巷１２號
彰化縣溪州鄉張厝村民生路一段246號,ok,200412.001,2634686.065,BPF8170-9,彰化縣溪州鄉張厝村003鄰民生路一段２４６號
彰化縣溪州鄉成功村下柑路1號,ok,203542.474,2635668.509,BPG0319-5,彰化縣溪州鄉柑園村003鄰下柑路１號
彰化縣溪州鄉村中橫巷1號,ok,198496.745,2638695.563,BPG2909-9,彰化縣溪州鄉溪州村009鄰中興路１號
彰化縣溪州鄉東州村保安路16號,ok,199633.520,2638658.200,BPF9395-8,彰化縣溪州鄉東州村006鄰保安路１６號
彰化縣溪州鄉柑園村面前巷50號,ok,202283.090,2635695.970,BPG0673-0,彰化縣溪州鄉柑園村009鄰面前巷５０號
彰化縣溪州鄉榮光村政民路27-2號,ok,178633.260,2503685.910,CXH7335-7,高雄市新興區成功里006鄰興華路２７之２號
彰化縣溪州鄉民生路一段55號,ok,200840.930,2634576.020,BPG3898-7,彰化縣溪州鄉潮洋村005鄰民生路一段５５號
彰化縣溪州鄉水尾村太平路137號,ok,196172.713,2636503.113,BPG1160-3,彰化縣溪州鄉水尾村002鄰太平路１３７號
彰化縣溪州鄉溪厝村中和路79號,ok,197150.418,2638496.212,BPG1693-8,彰化縣溪州鄉溪厝村004鄰中和路７９號
彰化縣溪州鄉溪厝村中山路2段357號,ok,197011.637,2638085.578,BPG1967-5,彰化縣溪州鄉溪厝村010鄰中山路二段３５７號
彰化縣溪州鄉溪州村公園路95號,ok,198145.390,2638836.282,BPG3053-0,彰化縣溪州鄉溪州村011鄰公園路９５號
彰化縣溪州鄉瓦厝村長安巷3-1號,ok,198212.110,2639011.250,BPG5190-6,彰化縣溪州鄉瓦厝村002鄰長安巷３之１號
彰化縣溪州鄉登山路2段365號,ok,203622.170,2635837.570,BPF8933-8,彰化縣溪州鄉成功村012鄰登山路二段３６５號
彰化縣溪州鄉登山路二段350號,ok,203654.890,2635868.920,BPF8931-6,彰化縣溪州鄉成功村012鄰登山路二段３５０號
彰化縣溪州鄉登山路二段365號,ok,203622.170,2635837.570,BPF8933-8,彰化縣溪州鄉成功村012鄰登山路二段３６５號
彰化縣溪州鄉舊眉村林厝巷70號,ok,200285.065,2638582.935,BPG5892-9,彰化縣溪州鄉舊眉村003鄰林厝巷７０號
彰化縣溪州鄉舊眉村登山路四段27號,ok,200294.990,2638709.790,BPG5925-0,彰化縣溪州鄉舊眉村004鄰登山路四段２７號
彰化縣溪州鄉菜公村民生路二段154號,ok,198865.410,2634647.630,BPG6717-9,彰化縣溪州鄉菜公村004鄰民生路二段１５４號
彰化縣溪州鄉菜公村竹圍西巷2號之2,ok,199980.831,2634503.850,BPG6622-2,彰化縣溪州鄉菜公村002鄰竹圍西巷２號之２
彰化縣溪州鄉陸軍路1段146號,ok,201040.282,2634535.377,BPG3997-9,彰化縣溪州鄉潮洋村007鄰陸軍路一段１４６號
彰化縣溪州鄉陸軍路一段146號,ok,201040.282,2634535.377,BPG3997-9,彰化縣溪州鄉潮洋村007鄰陸軍路一段１４６號
彰化縣溪湖鎮中山里大溪路一段466巷53號,ok,198604.364,2651758.175,BMW3981-3,彰化縣溪湖鎮中山里003鄰大溪路一段４６６巷５３號
彰化縣溪湖鎮二溪路2段北勢2巷37號,ok,195272.377,2650682.241,BMW8523-1,彰化縣溪湖鎮北勢里014鄰二溪路二段北勢二巷３７號
彰化縣溪湖鎮二溪路一段35號,ok,196927.507,2650606.083,BMW7583-0,彰化縣溪湖鎮光華里003鄰二溪路一段３５號
彰化縣溪湖鎮北聖路20號,ok,195826.264,2650691.761,BMX0029-6,彰化縣溪湖鎮大突里013鄰北聖路２０號
彰化縣溪湖鎮員鹿路4段269-1號,ok,197072.791,2650624.977,BMX5683-0,彰化縣溪湖鎮平和里002鄰彰水路三段２６９之１號
彰化縣溪湖鎮員鹿路一段538號,ok,198907.040,2650033.929,BMX9226-5,彰化縣溪湖鎮東溪里006鄰員鹿路一段５３８號
彰化縣溪湖鎮員鹿路三段245號,ok,,,GDH9167-1,彰化縣溪湖鎮太平里005鄰員鹿路三段２４５號
彰化縣溪湖鎮地政路201號,ok,196645.015,2651287.275,BMX3936-3,彰化縣溪湖鎮太平里014鄰地政路２０１號
彰化縣溪湖鎮大庭里崙子腳路35-1號,ok,198893.577,2649432.747,BMW9020-8,彰化縣溪湖鎮大庭里010鄰崙子脚路３５之１號
彰化縣溪湖鎮大溪路一段466巷53號,ok,198604.364,2651758.175,BMW3981-3,彰化縣溪湖鎮中山里003鄰大溪路一段４６６巷５３號
彰化縣溪湖鎮大溪路二段423號,ok,194692.914,2650552.015,BMY1572-2,彰化縣溪湖鎮河東里004鄰二溪路二段４２３號
彰化縣溪湖鎮大溪路二段86號,ok,197812.733,2651576.205,BMY3850-3,彰化縣溪湖鎮湖東里022鄰大溪路二段８６號
彰化縣溪湖鎮大突里大突巷70號,ok,195746.696,2651650.490,BMW9626-1,彰化縣溪湖鎮大突里004鄰二溪路大突巷７０號
彰化縣溪湖鎮大竹里彰水路二段745號3樓(全家樓上3樓,ok,,,,
彰化縣溪湖鎮太平里地政路201號,ok,196645.015,2651287.275,BMX3936-3,彰化縣溪湖鎮太平里014鄰地政路２０１號
彰化縣溪湖鎮媽厝里湳底路67號,ok,198700.806,2648600.996,BMX5327-2,彰化縣溪湖鎮媽厝里004鄰湳底路６７號
彰化縣溪湖鎮媽厝里湳底路88號,ok,197867.499,2648035.350,BMX5523-5,彰化縣溪湖鎮媽厝里010鄰湳底路８８號
彰化縣溪湖鎮媽厝里湳底路臨27-1號,ok,198914.720,2648446.850,BMX5228-0,彰化縣溪湖鎮媽厝里001鄰湳底路臨２７之１號
彰化縣溪湖鎮崙子腳路34-1號,ok,255032.600,2764479.140,GBL5996-8,桃園市新屋區下田里006鄰員笨３４之１號
彰化縣溪湖鎮崙子腳路8鄰94號,ok,198163.454,2649292.644,BMX6376-6,彰化縣溪湖鎮忠覺里008鄰崙子脚路９４號
彰化縣溪湖鎮彰水路4段60號,ok,197122.785,2651452.022,BMX7896-9,彰化縣溪湖鎮東寮里015鄰彰水路四段６０號
彰化縣溪湖鎮彰水路二段725號,ok,197089.967,2649588.086,BMX1913-9,彰化縣溪湖鎮大竹里008鄰彰水路二段７２５號
彰化縣溪湖鎮彰水路四段60號,ok,197122.785,2651452.022,BMX7896-9,彰化縣溪湖鎮東寮里015鄰彰水路四段６０號
彰化縣溪湖鎮德華街17號,ok,196924.655,2650346.050,BMX1852-2,彰化縣溪湖鎮大竹里007鄰德華街１７號
彰化縣溪湖鎮東溪里石鵝路臨121號,ok,199318.930,2650130.860,JVL1362-3,彰化縣溪湖鎮東溪里008鄰石鵝路臨１２１號
彰化縣溪湖鎮民生街9號號1f,ok,,,,
彰化縣溪湖鎮河東路281號,ok,197085.340,2650653.680,JVV1126-3,彰化縣溪湖鎮平和里002鄰彰水路三段２８１號
彰化縣溪湖鎮河東里河東路281號,ok,194959.684,2650520.801,BMY1537-0,彰化縣溪湖鎮河東里004鄰二溪路二段２８１號
彰化縣溪湖鎮湖東里大溪路二段423號,ok,200853.502,2652436.357,BNH3566-9,彰化縣埔心鄉埤脚村014鄰大溪路二段４２３號
彰化縣溪湖鎮湖東里興學街75號2樓,ok,197357.770,2650839.060,BMY3215-2,彰化縣溪湖鎮湖東里014鄰興學街７５號二樓
彰化縣溪湖鎮湖東里英山街71號1樓,ok,197595.079,2650390.542,BMY5668-6,彰化縣溪湖鎮湖東里032鄰英山街７１號
彰化縣溪湖鎮湳底路102-1號,ok,197613.000,2648073.080,BMX5577-9,彰化縣溪湖鎮媽厝里014鄰湳底路１０２之１號
彰化縣溪湖鎮湳底路16-30號,ok,199763.870,2648209.580,BMX5229-1,彰化縣溪湖鎮媽厝里001鄰湳底路１６之３０號
彰化縣溪湖鎮湳底路27-2號,ok,199720.894,2648253.711,BMX5231-6,彰化縣溪湖鎮媽厝里001鄰湳底路２７之２號
彰化縣溪湖鎮湳底路67號,ok,198700.806,2648600.996,BMX5327-2,彰化縣溪湖鎮媽厝里004鄰湳底路６７號
彰化縣溪湖鎮溪湖鎮培英路76號1-2樓,ok,,,,
彰化縣溪湖鎮溪湖鎮大公路347號,ok,196009.249,2650819.265,BMX0502-0,彰化縣溪湖鎮大突里017鄰大公路３４７號
彰化縣溪湖鎮溪湖鎮大突里二溪路大突巷10之50號,ok,196002.032,2651167.946,BMW9325-1,彰化縣溪湖鎮大突里002鄰二溪路大突巷１０之５０號
彰化縣溪湖鎮溪湖鎮忠覺里崙子腳路94號,ok,198163.454,2649292.644,BMX6376-6,彰化縣溪湖鎮忠覺里008鄰崙子脚路９４號
彰化縣溪湖鎮溪湖鎮東寮里8鄰富貴街102號,ok,196540.620,2651392.700,GDM1853-5,彰化縣溪湖鎮東寮里008鄰富貴街１０２號
彰化縣溪湖鎮溪湖鎮汴頭里福德路261巷32號,ok,196510.210,2649880.160,BMX9972-1,彰化縣溪湖鎮汴頭里010鄰福德路２６１巷臨３２號
彰化縣溪湖鎮溪湖鎮湖東里員鹿路二段559號,ok,197324.221,2650448.612,BMY3329-1,彰化縣溪湖鎮湖東里017鄰員鹿路二段５５９號
彰化縣溪湖鎮溪湖鎮行政街306號,ok,197276.239,2650811.825,BMW6703-6,彰化縣溪湖鎮光平里001鄰行政街３０６號
彰化縣溪湖鎮溪湖鎮西環路88號2樓,ok,197016.930,2650266.750,BMX1886-2,彰化縣溪湖鎮大竹里007鄰西環路８８號
彰化縣溪湖鎮田中里二溪路1段695巷125弄59號,ok,195551.842,2650313.125,BMY8050-0,彰化縣溪湖鎮田中里003鄰二溪路一段６９５巷１２５弄５９號
彰化縣溪湖鎮田中里田中巷216號,ok,210530.240,2654353.960,BMJ9229-8,彰化縣芬園鄉同安村009鄰大彰路三段２１６號
彰化縣溪湖鎮福德路261巷30號,ok,196753.787,2650288.352,BMX2825-3,彰化縣溪湖鎮大竹里023鄰福德路３０號
彰化縣溪湖鎮福德路310號,ok,196248.620,2649754.720,BMY0133-0,彰化縣溪湖鎮汴頭里012鄰福德路３１０號
彰化縣溪湖鎮竹福路181號,ok,197590.182,2651427.947,BMY5300-7,彰化縣溪湖鎮湖東里028鄰大溪路二段１８１號
彰化縣溪湖鎮西勢里西安路117巷26號,ok,196967.917,2647565.055,BMY9339-8,彰化縣溪湖鎮西勢里001鄰西安路２６號
彰化縣溪湖鎮西勢里西安路117巷36號,ok,196724.172,2647505.227,BMY9586-0,彰化縣溪湖鎮西勢里005鄰西安路１１７巷３６號
彰化縣溪湖鎮西安路117巷36號,ok,196724.172,2647505.227,BMY9586-0,彰化縣溪湖鎮西勢里005鄰西安路１１７巷３６號
彰化縣溪湖鎮西溪里員鹿路後溪巷49號,ok,198315.005,2649734.862,BMZ1903-7,彰化縣溪湖鎮西溪里004鄰員鹿路後溪巷４９號
彰化縣溪湖鎮長青街22號2樓,ok,197657.182,2650402.787,BMY5685-7,彰化縣溪湖鎮湖東里032鄰長青街２２號
彰化縣溪湖鎮青雅路58號,ok,197458.623,2651392.686,BMY2719-8,彰化縣溪湖鎮湖東里005鄰青雅路５８號
彰化縣田中鎮三光里民光路一段392巷25號,ok,205900.480,2641350.850,BMZ3273-8,彰化縣田中鎮三光里005鄰民光路一段３９２巷２５號
彰化縣田中鎮三安里大安路一段200號,ok,208684.850,2637433.797,BMZ3938-6,彰化縣田中鎮三安里007鄰大安路一段２００號
彰化縣田中鎮中2段421號,ok,207511.674,2639670.137,BNC2282-6,彰化縣田中鎮西路里005鄰中正路４２１號
彰化縣田中鎮中二段509號,ok,207321.837,2639014.722,BNC0682-0,彰化縣田中鎮沙崙里005鄰沙崙路５０９號
彰化縣田中鎮中南路三段54號,ok,209230.029,2638877.198,BNB5731-7,彰化縣田中鎮新庄里010鄰中南路三段５４號
彰化縣田中鎮中山街134號,ok,209713.760,2641480.470,BNB2663-0,彰化縣田中鎮平和里006鄰太平路１３４號
彰化縣田中鎮中州路177號,ok,207985.647,2639283.864,BNB0800-2,彰化縣田中鎮南路里007鄰中州路一段１７７號
彰化縣田中鎮中州路一段177號,ok,207985.647,2639283.864,BNB0800-2,彰化縣田中鎮南路里007鄰中州路一段１７７號
彰化縣田中鎮中州路一段416號,ok,207343.560,2639348.280,BNC0297-5,彰化縣田中鎮梅州里008鄰中州路一段４１６號
彰化縣田中鎮中新路229號,ok,207871.218,2639342.688,BNB0836-5,彰化縣田中鎮南路里009鄰中州路一段２２９號
彰化縣田中鎮中正路715號,ok,207746.130,2640167.490,BMZ9737-2,彰化縣田中鎮北路里015鄰中正路７１５號
彰化縣田中鎮中潭里員集路3段125巷34號,ok,207886.042,2640504.471,BMZ6259-1,彰化縣田中鎮中潭里004鄰員集路三段１２５巷３４號
彰化縣田中鎮中潭里員集路三段125巷255號,ok,244580.780,2743607.910,CGZ8103-8,新竹市香山區中埔里006鄰牛埔路２５５號
彰化縣田中鎮中潭里員集路三段125巷54號,ok,207833.337,2640472.623,BMZ6260-5,彰化縣田中鎮中潭里004鄰員集路三段１２５巷５４號
彰化縣田中鎮中路里中新路229號,ok,177604.023,2497503.749,CYX7558-0,高雄市旗津區中興里004鄰旗津二路２２９號
彰化縣田中鎮公館路320號,ok,207804.910,2638947.186,BNB7956-0,彰化縣田中鎮新民里020鄰公館路３２０號
彰化縣田中鎮北路里中山街359巷33號,ok,208337.626,2639644.094,BMZ8380-0,彰化縣田中鎮北路里001鄰中山街３５９巷３３號
彰化縣田中鎮員集路一段854號,ok,208348.911,2638639.801,BNB1181-2,彰化縣田中鎮南路里015鄰員集路一段８５４號
彰化縣田中鎮大安路一段200號,ok,208684.850,2637433.797,BMZ3938-6,彰化縣田中鎮三安里007鄰大安路一段２００號
彰化縣田中鎮大安路二段臨312號,ok,208726.800,2636467.870,BNB1675-0,彰化縣田中鎮大崙里005鄰大安路二段（臨）３１２號
彰化縣田中鎮大崙里大安路二段320號,ok,174575.100,2595111.910,BSZ8872-5,嘉義縣朴子市大鄉里018鄰大槺榔３２０號
彰化縣田中鎮大崙里大安路二段臨312號,ok,208726.800,2636467.870,BNB1675-0,彰化縣田中鎮大崙里005鄰大安路二段（臨）３１２號
彰化縣田中鎮大社路一段216巷100弄20號,ok,207306.944,2640428.740,BNC5703-8,彰化縣田中鎮龍潭里004鄰大社路一段２１６巷１００弄２０號
彰化縣田中鎮大社路三段316巷60號,ok,206694.075,2641959.236,BNB2015-3,彰化縣田中鎮大社里001鄰大社路三段３１６巷６０號
彰化縣田中鎮大社里大社路2段647號,ok,218435.520,2667909.530,FJK8797-9,臺中市大里區大明里010鄰中興路二段６４７號
彰化縣田中鎮大社里大社路二段649號,ok,218432.182,2667914.182,FJK8798-0,臺中市大里區大明里010鄰中興路二段６４９號
彰化縣田中鎮山腳路三段499巷45號,ok,209576.728,2639731.535,BNB3363-5,彰化縣田中鎮復興里007鄰山脚路三段４９９巷４５號
彰化縣田中鎮山腳路四段160號,ok,209580.530,2640302.960,BNB3682-7,彰化縣田中鎮復興里012鄰山脚路四段１６０號
彰化縣田中鎮山腳路四段188巷109號,ok,209896.572,2640402.904,BNB3778-3,彰化縣田中鎮復興里015鄰山脚路四段１８８巷１０９號
彰化縣田中鎮平和里山腳路五段246號,ok,209772.580,2641159.480,BNB2768-8,彰化縣田中鎮平和里010鄰山脚路五段２４６號
彰化縣田中鎮復興路788號,ok,207912.151,2639670.641,BNB9501-0,彰化縣田中鎮東路里013鄰復興路７８８號
彰化縣田中鎮復興里山腳路四段188巷109號,ok,209896.572,2640402.904,BNB3778-3,彰化縣田中鎮復興里015鄰山脚路四段１８８巷１０９號
彰化縣田中鎮復興里山腳路四段253巷32號,ok,209573.030,2640540.273,BNB3820-9,彰化縣田中鎮復興里017鄰山脚路四段２５３巷３２號
彰化縣田中鎮文化街23號,ok,208108.867,2639022.168,BNB0876-2,彰化縣田中鎮南路里011鄰文化街２３號
彰化縣田中鎮斗中路一段210號,ok,207299.492,2639751.201,BNC3206-8,彰化縣田中鎮西路里021鄰斗中路一段２１０號
彰化縣田中鎮新庄里中山街134號,ok,208889.526,2639071.947,BNB5513-9,彰化縣田中鎮新庄里007鄰居仁街１３４號
彰化縣田中鎮新庄里中山街134號2F,ok,298742.736,2772488.237,DHP3168-2,新北市三重區光陽里005鄰興華街１３４號二樓
彰化縣田中鎮新民里公館路258號,ok,207534.784,2638639.254,BNB6530-3,彰化縣田中鎮新民里003鄰沙崙路２５８號
彰化縣田中鎮書鄉苑 無(豬舍改建、閒置空間再利用),error,,,,
彰化縣田中鎮東源里中南路二段608巷32號,ok,189565.010,2499155.950,DBX5515-5,高雄市大寮區大寮里016鄰大寮路６０８巷３２號
彰化縣田中鎮東路里南北街80號4樓,ok,207884.010,2639529.850,BNB9333-2,彰化縣田中鎮東路里011鄰南北街８０號四樓
彰化縣田中鎮梅州里中州路一段416號,ok,207343.560,2639348.280,BNC0297-5,彰化縣田中鎮梅州里008鄰中州路一段４１６號
彰化縣田中鎮梅州里斗中路一段443巷121-2號,ok,327344.190,2730296.230,BBY6608-3,宜蘭縣羅東鎮賢文里020鄰民意街１２１之２號
彰化縣田中鎮民光路一段392巷25號,ok,205900.480,2641350.850,BMZ3273-8,彰化縣田中鎮三光里005鄰民光路一段３９２巷２５號
彰化縣田中鎮民光路一段394號,ok,208940.109,2639163.365,BNB5712-3,彰化縣田中鎮新庄里009鄰東閔路二段３９４號
彰化縣田中鎮沙崙路281號,ok,207534.740,2638597.260,BNC0393-3,彰化縣田中鎮沙崙里002鄰沙崙路２８１號
彰化縣田中鎮沙崙里沙崙路281號,ok,207534.740,2638597.260,BNC0393-3,彰化縣田中鎮沙崙里002鄰沙崙路２８１號
彰化縣田中鎮沙崙里酪農路191號,ok,206232.509,2637933.983,BNC0893-9,彰化縣田中鎮沙崙里006鄰酪農路１９１號
彰化縣田中鎮田中鎮南路里興工路388號1樓,ok,208531.840,2638795.850,GDH3072-1,彰化縣田中鎮南路里010鄰興工路３８８號
彰化縣田中鎮田中鎮碧峰里中南路二段509號,ok,211264.973,2666861.772,FGW9716-3,臺中市烏日區湖日里022鄰中山路二段５０９號
彰化縣田中鎮碧峰里中南路2段421號,ok,209861.373,2638701.167,BNC1632-3,彰化縣田中鎮碧峰里002鄰中南路二段４２１號
彰化縣田中鎮西路里斗中路一段210號,ok,207299.492,2639751.201,BNC3206-8,彰化縣田中鎮西路里021鄰斗中路一段２１０號
彰化縣田中鎮西路里長順巷8號,ok,207361.573,2639743.979,BNC3322-0,彰化縣田中鎮西路里022鄰建國路８號
彰化縣田中鎮西路里長順街8號,ok,207243.360,2639780.430,BNC3263-7,彰化縣田中鎮西路里021鄰長順街８號
彰化縣田中鎮頂潭里員集路三段518巷6號,ok,208008.490,2641344.920,BNC5138-0,彰化縣田中鎮頂潭里013鄰員集路三段５１８巷６號
彰化縣田中鎮頂潭里崁頂路143號,ok,181773.200,2594364.870,BSX6733-7,嘉義縣太保市春珠里007鄰春珠１４３號
彰化縣田中鎮香山里山腳路二段98巷66號,ok,299273.565,2766807.018,DJT1855-7,新北市中和區中原里012鄰立德街９８巷６６號
彰化縣田中鎮龍潭里大社路一段216巷100弄20號,ok,207306.944,2640428.740,BNC5703-8,彰化縣田中鎮龍潭里004鄰大社路一段２１６巷１００弄２０號
彰化縣田尾鄉三溪路一段209號,ok,200158.335,2643749.232,BNX0932-3,彰化縣田尾鄉溪頂村007鄰三溪路一段２０９號
彰化縣田尾鄉中學路二段18號,ok,202527.491,2643006.078,BNX6665-8,彰化縣田尾鄉饒平村017鄰中學路二段１８號
彰化縣田尾鄉中山路一段449號,ok,201997.437,2643128.930,BNX5521-9,彰化縣田尾鄉饒平村004鄰中山路一段４４９號
彰化縣田尾鄉中正路一段232號,ok,201011.923,2643084.706,BNW8892-0,彰化縣田尾鄉正義村005鄰中正路一段２３２號
彰化縣田尾鄉中正路三段396巷36號,ok,199210.630,2646468.780,BNW9612-1,彰化縣田尾鄉海豐村011鄰中正路三段３９６巷３６號
彰化縣田尾鄉中正路二段101號,ok,199928.165,2644313.810,BNW6329-0,彰化縣田尾鄉新厝村003鄰中正路二段１０１號
彰化縣田尾鄉中正路二段103巷9號,ok,199767.908,2644496.135,BNW1309-6,彰化縣田尾鄉仁里村017鄰中正路二段１０３巷９號
彰化縣田尾鄉仁里村中正路2段195巷20號,ok,199513.719,2644806.997,BNW1185-1,彰化縣田尾鄉仁里村014鄰中正路二段１９５巷２０號
彰化縣田尾鄉仁里村中正路二段103巷9號,ok,199767.908,2644496.135,BNW1309-6,彰化縣田尾鄉仁里村017鄰中正路二段１０３巷９號
彰化縣田尾鄉光復路3段538巷1號,ok,201058.976,2643794.909,BNX1699-8,彰化縣田尾鄉田尾村005鄰光復路三段５３８巷１號
彰化縣田尾鄉光復路一段295號,ok,205265.596,2642526.555,BNW5275-9,彰化縣田尾鄉南鎮村004鄰光復路一段２９５號
彰化縣田尾鄉光復路一段98巷181號,ok,205636.810,2642899.005,BNX3093-1,彰化縣田尾鄉福田村009鄰光復路一段９８巷１８１號
彰化縣田尾鄉光復路三段538巷1號,ok,201058.976,2643794.909,BNX1699-8,彰化縣田尾鄉田尾村005鄰光復路三段５３８巷１號
彰化縣田尾鄉光復路四段161號,ok,200217.570,2644427.740,BNX3339-5,彰化縣田尾鄉豐田村004鄰光復路四段１６１號
彰化縣田尾鄉光明巷54號,ok,199705.326,2644093.867,BNW6312-0,彰化縣田尾鄉新厝村001鄰光明巷５４號
彰化縣田尾鄉北曾村福德巷359號,ok,202762.741,2643446.926,BNW1886-3,彰化縣田尾鄉北曾村004鄰福德巷３５９號
彰化縣田尾鄉北鎮村平和路2段275號,ok,204526.720,2644032.455,BNW2828-8,彰化縣田尾鄉北鎮村003鄰平和路二段２７５號
彰化縣田尾鄉北鎮村平和路二段151號,ok,,,,
彰化縣田尾鄉南曾村光復路2段481巷20號號,ok,,,,
彰化縣田尾鄉南鎮村光復路一段295號,ok,205265.596,2642526.555,BNW5275-9,彰化縣田尾鄉南鎮村004鄰光復路一段２９５號
彰化縣田尾鄉南鎮村平和路1段140號,ok,204909.804,2643187.965,BNW5213-5,彰化縣田尾鄉南鎮村003鄰平和路一段１４０號
彰化縣田尾鄉平和路一段140號,ok,204909.804,2643187.965,BNW5213-5,彰化縣田尾鄉南鎮村003鄰平和路一段１４０號
彰化縣田尾鄉平和路二段151號,ok,201540.308,2642509.316,BNX6815-3,彰化縣田尾鄉饒平村019鄰中山路一段１５１號
彰化縣田尾鄉延平路150號,ok,204266.496,2642829.728,BNW6567-1,彰化縣田尾鄉新生村001鄰延平路１５０號
彰化縣田尾鄉建平路一段66號,ok,202009.910,2642428.830,BNX5765-7,彰化縣田尾鄉饒平村006鄰建平路一段６６號
彰化縣田尾鄉打簾村民生路1段80號,ok,200788.711,2634649.074,BPG3828-2,彰化縣溪州鄉潮洋村002鄰民生路一段８０號
彰化縣田尾鄉新厝村光明巷54號,ok,199705.326,2644093.867,BNW6312-0,彰化縣田尾鄉新厝村001鄰光明巷５４號
彰化縣田尾鄉新生村延平路150號,ok,204266.496,2642829.728,BNW6567-1,彰化縣田尾鄉新生村001鄰延平路１５０號
彰化縣田尾鄉新興村新興路1段140號,ok,205374.133,2643598.291,BNW7656-6,彰化縣田尾鄉新興村005鄰新興路１４０號
彰化縣田尾鄉新興村新興路280號,ok,205287.210,2643849.628,BNW7573-3,彰化縣田尾鄉新興村003鄰新興路２８０號
彰化縣田尾鄉新興路280號,ok,205287.210,2643849.628,BNW7573-3,彰化縣田尾鄉新興村003鄰新興路２８０號
彰化縣田尾鄉柳鳳村民族路2段362巷7號,ok,201535.170,2644608.731,BNW8007-2,彰化縣田尾鄉柳鳳村001鄰民族路二段７號
彰化縣田尾鄉柳鳳村民生路二段338號,ok,200931.230,2645258.590,BNW8501-1,彰化縣田尾鄉柳鳳村006鄰民生路二段３３８號
彰化縣田尾鄉正義村中正路一段233號,ok,200994.533,2643072.676,BNW8893-0,彰化縣田尾鄉正義村005鄰中正路一段２３３號
彰化縣田尾鄉民生路3段200號,ok,199609.881,2645957.631,BNX3911-0,彰化縣田尾鄉陸豐村006鄰民生路三段２００號
彰化縣田尾鄉民生路一段245號,ok,202349.753,2644566.128,BNW5877-9,彰化縣田尾鄉打簾村005鄰民生路一段２４５號
彰化縣田尾鄉民生路二段338號,ok,200931.230,2645258.590,BNW8501-1,彰化縣田尾鄉柳鳳村006鄰民生路二段３３８號
彰化縣田尾鄉海豐村光榮巷546號,ok,197675.295,2646337.759,BNW9757-8,彰化縣田尾鄉海豐村014鄰光榮巷５４６號
彰化縣田尾鄉溪畔巷157號,ok,202911.844,2644520.973,BNX0057-6,彰化縣田尾鄉溪畔村002鄰溪畔巷１５７號
彰化縣田尾鄉溪畔村溪畔巷101弄4號,ok,202859.938,2644332.283,BNX0287-8,彰化縣田尾鄉溪畔村006鄰溪畔巷１０１弄４號
彰化縣田尾鄉溪頂村三溪路1段209號,ok,200158.335,2643749.232,BNX0932-3,彰化縣田尾鄉溪頂村007鄰三溪路一段２０９號
彰化縣田尾鄉溪頂村三溪路一段209號,ok,200158.335,2643749.232,BNX0932-3,彰化縣田尾鄉溪頂村007鄰三溪路一段２０９號
彰化縣田尾鄉田尾村光復路3段538巷1號,ok,201058.976,2643794.909,BNX1699-8,彰化縣田尾鄉田尾村005鄰光復路三段５３８巷１號
彰化縣田尾鄉田尾鄉正義村中正路一段233號,ok,200994.533,2643072.676,BNW8893-0,彰化縣田尾鄉正義村005鄰中正路一段２３３號
彰化縣田尾鄉睦宜村地政路157號,ok,204262.428,2642249.092,BNX2276-2,彰化縣田尾鄉睦宜村007鄰地政路１５７號
彰化縣田尾鄉睦宜村聖德巷162號,ok,204288.039,2642257.558,BNX2357-2,彰化縣田尾鄉睦宜村008鄰聖德巷１６２號
彰化縣田尾鄉福德巷185號,ok,202851.480,2643084.831,BNW3327-6,彰化縣田尾鄉南曾村001鄰福德巷１８５號
彰化縣田尾鄉福德巷359號,ok,202762.741,2643446.926,BNW1886-3,彰化縣田尾鄉北曾村004鄰福德巷３５９號
彰化縣田尾鄉福田村光復路1段98巷19號,ok,205723.766,2642770.379,BNX2952-6,彰化縣田尾鄉福田村006鄰光復路一段９８巷１９號
彰化縣田尾鄉聖德巷162號,ok,204288.039,2642257.558,BNX2357-2,彰化縣田尾鄉睦宜村008鄰聖德巷１６２號
彰化縣田尾鄉豐田村光復路114號,ok,200415.703,2644392.037,BNX3328-1,彰化縣田尾鄉豐田村004鄰光復路四段１１４號
彰化縣田尾鄉陸豐村民生路三段200號,ok,199609.881,2645957.631,BNX3911-0,彰化縣田尾鄉陸豐村006鄰民生路三段２００號
彰化縣田尾鄉陸豐村陸豐路48號,ok,199435.987,2646195.301,BNX5022-5,彰化縣田尾鄉陸豐村008鄰陸豐路４８號
彰化縣田尾鄉陸豐路48號,ok,199435.987,2646195.301,BNX5022-5,彰化縣田尾鄉陸豐村008鄰陸豐路４８號
彰化縣田尾鄉饒平村東平巷143號,ok,202068.055,2642716.291,BNX6300-1,彰化縣田尾鄉饒平村013鄰東平巷１４３號
彰化縣社頭鄉中山路一段172號,ok,207744.460,2642882.170,BNM3293-2,彰化縣社頭鄉崙雅村008鄰中山路一段１７２號
彰化縣社頭鄉中山路一段306號,ok,207691.754,2643204.197,BNM0877-9,彰化縣社頭鄉仁雅村012鄰中山路一段３０６號
彰化縣社頭鄉中興路1號,ok,207638.521,2644174.161,BNM6922-0,彰化縣社頭鄉廣興村017鄰中興路１號
彰化縣社頭鄉仁雅村中山路1段306號B,ok,,,,
彰化縣社頭鄉協和村山腳路4段252巷27號,ok,209698.177,2647532.481,BNM1229-7,彰化縣社頭鄉協和村004鄰山腳路四段２５２巷２７號
彰化縣社頭鄉南勢巷9-16號,ok,208622.855,2643581.912,BNN7250-2,彰化縣社頭鄉舊社村009鄰南勢巷９之１６號
彰化縣社頭鄉員集路一段615號,ok,207944.240,2642814.355,BNN6553-0,彰化縣社頭鄉美雅村006鄰員集路一段６１５號
彰化縣社頭鄉員集路三段528號,ok,211097.133,2633952.275,BNQ5562-8,彰化縣二水鄉聖化村009鄰員集路三段５２８號
彰化縣社頭鄉埤斗村山腳路一段178號,ok,210068.818,2642173.344,BNM2276-8,彰化縣社頭鄉埤斗村009鄰山腳路一段１７８號
彰化縣社頭鄉山腳路一段486號,ok,210222.643,2644736.140,BNM8632-1,彰化縣社頭鄉朝興村004鄰山腳路二段４８６號
彰化縣社頭鄉山腳路三段128號,ok,210036.164,2645801.235,BNN1356-8,彰化縣社頭鄉泰安村011鄰山腳路三段１２８號
彰化縣社頭鄉山腳路三段395號,ok,209632.440,2646269.830,BNN3188-8,彰化縣社頭鄉湳雅村007鄰山腳路三段３９５號
彰化縣社頭鄉平和村山腳路3段264巷5號,ok,301168.532,2778892.751,CSP7536-0,臺北市北投區尊賢里005鄰尊賢街２６４巷５號
彰化縣社頭鄉廣興村廣興巷13號,ok,207452.866,2643630.548,BNM5363-8,彰化縣社頭鄉廣興村002鄰仁愛二路１３號
彰化縣社頭鄉張厝村大圳巷9-6號,ok,206907.360,2644030.630,BNM7633-9,彰化縣社頭鄉張厝村005鄰大圳巷９之６號
彰化縣社頭鄉張厝村張厝一巷30號,ok,206938.210,2644285.150,BNM7522-2,彰化縣社頭鄉張厝村002鄰張厝一巷３０號
彰化縣社頭鄉朝興村社石路91號,ok,209935.390,2644925.910,BNM8763-1,彰化縣社頭鄉朝興村007鄰社石路９１號
彰化縣社頭鄉松竹村社石路979-1號,ok,208507.370,2644006.840,BNM9915-3,彰化縣社頭鄉松竹村011鄰社石路９７９之１號
彰化縣社頭鄉橋頭村員集路三段528號,ok,211097.133,2633952.275,BNQ5562-8,彰化縣二水鄉聖化村009鄰員集路三段５２８號
彰化縣社頭鄉泰安村石坑二巷14號,ok,210092.401,2645536.991,BNN1309-0,彰化縣社頭鄉泰安村010鄰山腳路三段１４號
彰化縣社頭鄉清水岩路219號,ok,208567.806,2643957.634,BNM9901-8,彰化縣社頭鄉松竹村010鄰清水岩路２１９號
彰化縣社頭鄉清水村山腳路一段466巷188號,ok,210316.043,2642606.612,BNN1797-9,彰化縣社頭鄉清水村006鄰山腳路一段４６６巷１８８號
彰化縣社頭鄉清興路50巷71號,ok,210077.085,2642808.946,BNN1908-8,彰化縣社頭鄉清水村008鄰清興路５０巷７１號
彰化縣社頭鄉湳底村湳底一巷475號,ok,207265.040,2645779.170,BNN2263-8,彰化縣社頭鄉湳底村005鄰湳底一巷４７５號
彰化縣社頭鄉湳底村湳底巷261號,ok,,,BND5102-3,彰化縣大村鄉村上村013鄰中山路二段２６１號
彰化縣社頭鄉社斗路一段258號,ok,207902.435,2643733.291,BNN5336-0,彰化縣社頭鄉社頭村012鄰社斗路一段２５８號
彰化縣社頭鄉社斗路一段295號,ok,207828.475,2643656.487,BNM0687-5,彰化縣社頭鄉仁雅村010鄰社斗路一段２９５號
彰化縣社頭鄉社石路91號,ok,209935.390,2644925.910,BNM8763-1,彰化縣社頭鄉朝興村007鄰社石路９１號
彰化縣社頭鄉社石路956號,ok,208440.312,2644092.205,BNM9772-7,彰化縣社頭鄉松竹村003鄰社石路９５６號
彰化縣社頭鄉社頭村員集路二段372號,ok,207797.106,2639406.862,BNB9223-8,彰化縣田中鎮東路里008鄰員集路二段３７２號
彰化縣社頭鄉社頭鄉仁和村山腳路2段833號,ok,208503.900,2475613.460,BYG1073-3,屏東縣枋寮鄉人和村013鄰中正大路８３３號
彰化縣社頭鄉美雅村中山路一段172號,ok,207744.460,2642882.170,BNM3293-2,彰化縣社頭鄉崙雅村008鄰中山路一段１７２號
彰化縣社頭鄉美雅村員集路一段710號,ok,,,,
彰化縣社頭鄉美雅村民生路371號,ok,208072.390,2642906.800,BNN6293-0,彰化縣社頭鄉美雅村002鄰民生路３７１號
彰化縣福興鄉80號,ok,189517.777,2658758.036,BMB9220-9,彰化縣福興鄉頂粘村011鄰頂粘街８０號
彰化縣福興鄉三和村南興街66-8號,ok,189844.480,2656213.300,BLY7793-1,彰化縣福興鄉三和村002鄰南興街６６之８號
彰化縣福興鄉三汴村彰水路346巷47號,ok,197908.650,2657147.710,BLY8515-6,彰化縣福興鄉三汴村004鄰彰水路３４６巷４７號
彰化縣福興鄉二港村福正路21巷13-33號,ok,190781.140,2660143.420,BLY9190-9,彰化縣福興鄉二港村011鄰福正路２１巷１３之３３號
彰化縣福興鄉元中村橫圳巷6號,ok,197349.950,2657856.280,BLY9521-8,彰化縣福興鄉元中村001鄰橫圳巷６號
彰化縣福興鄉南興街78號,ok,190076.586,2656091.659,BLY7856-0,彰化縣福興鄉三和村005鄰南興街７８號
彰化縣福興鄉同安村同安巷33-7號,ok,193192.647,2658599.529,BLZ0316-3,彰化縣福興鄉同安村004鄰同安巷３３號之７
彰化縣福興鄉員鹿路2段270號,ok,192704.834,2659674.636,BMB7291-6,彰化縣福興鄉西勢村003鄰員鹿路二段２７０號
彰化縣福興鄉員鹿路二段270號,ok,192704.834,2659674.636,BMB7291-6,彰化縣福興鄉西勢村003鄰員鹿路二段２７０號
彰化縣福興鄉外中村外中街108-2號,ok,196315.146,2656819.302,BLZ1258-5,彰化縣福興鄉外中村003鄰外中街１０８之２號
彰化縣福興鄉外中村外中街50號,ok,200627.760,2504390.430,BXQ0827-1,屏東縣麟洛鄉田中村010鄰延和街５０號
彰化縣福興鄉外埔村復興路15號,ok,196455.507,2658077.054,BLZ2095-8,彰化縣福興鄉外埔村013鄰復興路１５號
彰化縣福興鄉外埔村復興路16-1號,ok,196696.240,2658513.480,BLZ2052-7,彰化縣福興鄉外埔村006鄰復興路１６號之１
彰化縣福興鄉大崙村大崙街31-5號,ok,197018.920,2659875.090,BLZ2856-5,彰化縣福興鄉大崙村006鄰大崙街臨３１之５號
彰化縣福興鄉廈粘村廈粘街60-5號,ok,189415.427,2658386.967,BLZ3721-5,彰化縣福興鄉廈粘村009鄰廈粘街臨６０之５號
彰化縣福興鄉彰水路346巷47號,ok,197908.650,2657147.710,BLY8515-6,彰化縣福興鄉三汴村004鄰彰水路３４６巷４７號
彰化縣福興鄉彰鹿路7段495號,ok,193436.740,2660445.420,GBY8358-0,彰化縣福興鄉橋頭村017鄰彰鹿路七段４９５號
彰化縣福興鄉彰鹿路六段546號,ok,195026.530,2660248.359,BLZ7506-6,彰化縣福興鄉番婆村004鄰彰鹿路六段５４６號
彰化縣福興鄉復興路15之15號,ok,196495.175,2658313.471,BLZ2092-5,彰化縣福興鄉外埔村013鄰復興路１５之１５號
彰化縣福興鄉橋頭村彰鹿路七段330巷127弄26號,ok,193844.511,2660714.647,BLZ5025-6,彰化縣福興鄉橋頭村001鄰彰鹿路七段３３０巷１２７弄２６號
彰化縣福興鄉橋頭村彰鹿路七段444巷99號,ok,193684.404,2660677.338,BLZ5163-5,彰化縣福興鄉橋頭村002鄰彰鹿路七段４４４巷９９號
彰化縣福興鄉橋頭村復興路78號,ok,192991.352,2660783.055,BLZ6500-6,彰化縣福興鄉橋頭村009鄰復興路７８號
彰化縣福興鄉橫圳巷10-18號,ok,,,,
彰化縣福興鄉沿海路3段100號,ok,190271.083,2658262.982,BLZ3370-1,彰化縣福興鄉廈粘村004鄰沿海路三段１００號
彰化縣福興鄉沿海路三段100號,ok,190271.083,2658262.982,BLZ3370-1,彰化縣福興鄉廈粘村004鄰沿海路三段１００號
彰化縣福興鄉番婆村番婆街16-1號,ok,194632.630,2659499.080,BLZ8296-9,彰化縣福興鄉番婆村012鄰番婆街１６號之１
彰化縣福興鄉番社村番社街17號,ok,194896.091,2657652.330,BLZ8882-0,彰化縣福興鄉番社村014鄰番社街１７號
彰化縣福興鄉番社村番社街臨17-15號,ok,194867.980,2657713.870,BLZ8872-9,彰化縣福興鄉番社村014鄰番社街臨１７之１５號
彰化縣福興鄉番社村番花路二段558號,ok,194039.830,2658000.270,BLZ8628-9,彰化縣福興鄉番社村005鄰番花路二段５５８號
彰化縣福興鄉番社街80號,ok,194531.500,2657976.370,BLZ8770-3,彰化縣福興鄉番社村009鄰番社街８０號
彰化縣福興鄉社尾村浮景巷6-12號,ok,195295.290,2658498.843,BLZ9578-0,彰化縣福興鄉社尾村006鄰浮景巷６號之１２
彰化縣福興鄉社尾村浮景巷9-12號,ok,195011.361,2658566.656,BLZ9512-1,彰化縣福興鄉社尾村005鄰浮景巷９之１２號
彰化縣福興鄉福寶村新生路24-10號,ok,190220.210,2659758.200,BMB1253-6,彰化縣福興鄉福寶村004鄰新生路２４之１０號
彰化縣福興鄉福正路4號,ok,190302.850,2659729.680,BLY9058-6,彰化縣福興鄉二港村007鄰福正路４號
彰化縣福興鄉福興村50-1號,ok,313446.292,2773828.886,DRZ9633-3,新北市汐止區北峰里024鄰民族五街５０之１號
彰化縣福興鄉福興村福興路51巷6號,ok,191783.840,2660261.480,BMB2830-0,彰化縣福興鄉福興村008鄰福興路５１巷６號
彰化縣福興鄉福興路51巷12號,ok,191743.465,2660133.271,BMB2828-7,彰化縣福興鄉福興村008鄰福興路５１巷１２號
彰化縣福興鄉福興鄉同安村33-7號,ok,179807.130,2558385.410,FMS1923-1,臺南市善化區小新里010鄰小新營３３之７號
彰化縣福興鄉福興鄉廈粘村廈粘街8號,ok,189892.564,2658348.026,BLZ3651-8,彰化縣福興鄉廈粘村005鄰廈粘街８號
彰化縣福興鄉福興鄉番社村番花路2段558號,ok,194039.830,2658000.270,BLZ8628-9,彰化縣福興鄉番社村005鄰番花路二段５５８號
彰化縣福興鄉福興鄉福興村福興路51巷6號,ok,191783.840,2660261.480,BMB2830-0,彰化縣福興鄉福興村008鄰福興路５１巷６號
彰化縣福興鄉福興鄉萬豐村萬豐巷14-36號,ok,197489.125,2656529.705,BMB6827-1,彰化縣福興鄉萬豐村007鄰萬豐巷１４之３６號
彰化縣福興鄉福興鄉鎮平村鎮平街14-1號,ok,191020.275,2656552.959,BMB8067-3,彰化縣福興鄉鎮平村003鄰鎮平街１４號之１
彰化縣福興鄉秀厝二街147號,ok,191594.371,2658677.356,BMB6291-1,彰化縣福興鄉秀厝村018鄰秀厝二街１４７號
彰化縣福興鄉秀厝村秀厝二街147號,ok,191594.371,2658677.356,BMB6291-1,彰化縣福興鄉秀厝村018鄰秀厝二街１４７號
彰化縣福興鄉萬豐村萬豐巷12號,ok,197606.187,2656433.644,BMB6818-0,彰化縣福興鄉萬豐村006鄰萬豐巷１２號
彰化縣福興鄉西勢村員鹿路二段412號,ok,192766.086,2660014.230,BMB7159-2,彰化縣福興鄉西勢村002鄰員鹿路二段４１２號
彰化縣福興鄉西勢村西勢街18-3號,ok,192933.968,2659520.060,BMB7555-0,彰化縣福興鄉西勢村005鄰西勢街１８號之３
彰化縣福興鄉西勢村西勢街34-38號,ok,192889.487,2659779.828,BMB7393-0,彰化縣福興鄉西勢村004鄰西勢街３４之３８號
彰化縣福興鄉西勢街18-4號,ok,192921.565,2659508.996,BMB7556-1,彰化縣福興鄉西勢村005鄰西勢街１８號之４
彰化縣福興鄉鎮平村鎮平街一號,ok,190901.180,2656037.820,BMB8120-1,彰化縣福興鄉鎮平村004鄰鎮平街１號
彰化縣福興鄉鎮平村阿力街22號,ok,191235.737,2656068.486,BMB8208-9,彰化縣福興鄉鎮平村005鄰阿力街２２號
彰化縣福興鄉頂粘村305號,ok,189488.638,2658991.714,BMB8830-5,彰化縣福興鄉頂粘村005鄰頂粘街３０５號
彰化縣福興鄉頂粘村頂粘街203號,ok,189386.014,2658974.906,BMB9338-1,彰化縣福興鄉頂粘村012鄰頂粘街２０３號
彰化縣福興鄉麥厝村沿海路一段678號,ok,189173.123,2657357.794,BMD0026-2,彰化縣福興鄉麥厝村014鄰沿海路一段６７８號
彰化縣秀中街82巷67弄3號,ok,199874.332,2658636.790,BMF3760-2,彰化縣秀水鄉莊雅村011鄰秀中街８２巷６７弄３號
彰化縣秀水鄉下崙村三聖巷15號,ok,199490.013,2655843.546,BMD1862-5,彰化縣秀水鄉下崙村020鄰三聖巷臨１５號
彰化縣秀水鄉下崙村民生街206號,ok,199758.232,2655304.786,BMD1133-9,彰化縣秀水鄉下崙村008鄰民生街２０６號
彰化縣秀水鄉下崙村民生街262號,ok,199699.470,2655592.493,BMD1551-2,彰化縣秀水鄉下崙村013鄰民生街２６２號
彰化縣秀水鄉中山路328號,ok,199291.433,2658990.044,BMD3530-6,彰化縣秀水鄉安東村008鄰中山路３２８號
彰化縣秀水鄉中山路364號,ok,199065.153,2658924.968,BMF0696-0,彰化縣秀水鄉福安村025鄰中山路３６４號
彰化縣秀水鄉中山路99號,ok,199889.336,2659355.270,BMF5338-0,彰化縣秀水鄉莊雅村018鄰中山路９９號
彰化縣秀水鄉埔南巷92號,ok,200946.370,2656159.820,BMF7999-0,彰化縣秀水鄉陝西村006鄰埔南巷９２號
彰化縣秀水鄉埔崙村蘇周巷162號,ok,198656.936,2657537.465,BMD2258-5,彰化縣秀水鄉埔崙村007鄰蘇周巷臨１６２號
彰化縣秀水鄉培英巷1號,ok,198846.146,2661998.318,BMF8756-7,彰化縣秀水鄉馬興村009鄰培英巷１號
彰化縣秀水鄉大厝巷66號,ok,,,,
彰化縣秀水鄉安東村中山路202號,ok,199681.418,2659121.679,BMD3272-7,彰化縣秀水鄉安東村005鄰中山路２０２號
彰化縣秀水鄉安東村中山路257號,ok,199412.694,2658973.867,BMD3511-2,彰化縣秀水鄉安東村007鄰中山路２５７號
彰化縣秀水鄉安東村中山路364號,ok,199065.153,2658924.968,BMF0696-0,彰化縣秀水鄉福安村025鄰中山路３６４號
彰化縣秀水鄉安東村安東村中山路328號,ok,199291.433,2658990.044,BMD3530-6,彰化縣秀水鄉安東村008鄰中山路３２８號
彰化縣秀水鄉安東村枋林巷60號,ok,199270.820,2659463.640,BMD3968-1,彰化縣秀水鄉安東村012鄰枋林巷６０號
彰化縣秀水鄉安東村瓦磘街17號,ok,199786.280,2660209.440,BMD5769-5,彰化縣秀水鄉安東村023鄰瓦磘街１７號
彰化縣秀水鄉安溪村安溪街98號,ok,200156.853,2660086.817,BMD6583-0,彰化縣秀水鄉安溪村005鄰安溪街９８號
彰化縣秀水鄉安溪街98號,ok,200156.853,2660086.817,BMD6583-0,彰化縣秀水鄉安溪村005鄰安溪街９８號
彰化縣秀水鄉彰水路二段341號,ok,198399.984,2658075.773,BMD2763-7,彰化縣秀水鄉埔崙村012鄰彰水路二段３４１號
彰化縣秀水鄉彰鹿路626號,ok,197681.710,2660622.897,BMG1575-0,彰化縣秀水鄉鶴鳴村022鄰彰鹿路６２６號
彰化縣秀水鄉明山街臨182號,ok,199384.683,2661588.300,BMG0263-3,彰化縣秀水鄉鶴鳴村010鄰明山街臨１８２號
彰化縣秀水鄉曾厝村大厝巷臨66號,ok,200083.237,2657392.856,BMD7888-9,彰化縣秀水鄉曾厝村003鄰大厝巷臨６６號
彰化縣秀水鄉枋林巷60號,ok,199270.820,2659463.640,BMD3968-1,彰化縣秀水鄉安東村012鄰枋林巷６０號
彰化縣秀水鄉正興路126巷臨9號,ok,201701.919,2656528.803,BMF5693-7,彰化縣秀水鄉金興村004鄰正興路１２６巷臨９號
彰化縣秀水鄉民意街64號,ok,198609.480,2658427.952,BMD9631-3,彰化縣秀水鄉福安村013鄰民意街６４號
彰化縣秀水鄉民生街206號天慈宮,ok,,,,
彰化縣秀水鄉民生街262號,ok,199699.470,2655592.493,BMD1551-2,彰化縣秀水鄉下崙村013鄰民生街２６２號
彰化縣秀水鄉民生街三聖巷15號,ok,198586.194,2658308.526,BMD9611-0,彰化縣秀水鄉福安村013鄰民意街１５號
彰化縣秀水鄉瓦磘街17號,ok,199786.280,2660209.440,BMD5769-5,彰化縣秀水鄉安東村023鄰瓦磘街１７號
彰化縣秀水鄉番花路261號,ok,200910.043,2656437.720,BMF6507-3,彰化縣秀水鄉金興村014鄰番花路２６１號
彰化縣秀水鄉番花路450巷46號,ok,,,,
彰化縣秀水鄉福安村彰水路二段341號,ok,198399.984,2658075.773,BMD2763-7,彰化縣秀水鄉埔崙村012鄰彰水路二段３４１號
彰化縣秀水鄉福安村長美巷臨53號,ok,198709.060,2658980.510,GBY8780-0,彰化縣秀水鄉福安村003鄰長美巷臨５３號
彰化縣秀水鄉秀中街115巷47號,ok,199546.195,2658850.264,BMF5006-3,彰化縣秀水鄉莊雅村015鄰秀中街１１５巷４７號
彰化縣秀水鄉秀中街82巷67弄臨3號,ok,199874.332,2658636.790,BMF3760-2,彰化縣秀水鄉莊雅村011鄰秀中街８２巷６７弄３號
彰化縣秀水鄉秀水村花秀路51號,ok,200584.856,2659322.382,BMF1399-8,彰化縣秀水鄉秀水村004鄰花秀路５１號
彰化縣秀水鄉秀水村開南巷30號,ok,201689.371,2657846.417,BMF2029-9,彰化縣秀水鄉秀水村021鄰開南巷３０號
彰化縣秀水鄉秀水村開南巷87號,ok,201502.328,2658170.496,BMF2008-3,彰化縣秀水鄉秀水村020鄰開南巷８７號
彰化縣秀水鄉秀水鄉下崙村1鄰民生街206號,ok,199758.232,2655304.786,BMD1133-9,彰化縣秀水鄉下崙村008鄰民生街２０６號
彰化縣秀水鄉秀水鄉安東村枋林巷75-12號,ok,199146.390,2659513.300,BMD3992-1,彰化縣秀水鄉安東村013鄰枋林巷７５之１２號
彰化縣秀水鄉秀水鄉安溪村安溪街98號,ok,200156.853,2660086.817,BMD6583-0,彰化縣秀水鄉安溪村005鄰安溪街９８號
彰化縣秀水鄉秀水鄉福安村中山路436巷6弄1號1-2樓,ok,,,,
彰化縣秀水鄉秀水鄉義興村義興街13號,ok,198244.473,2662494.791,BMF2165-6,彰化縣秀水鄉義興村001鄰義興街１３號
彰化縣秀水鄉秀水鄉金興村正興巷18-16號,ok,195093.550,2632346.520,JWR2505-6,雲林縣西螺鎮正興里016鄰福興路１８之１６號
彰化縣秀水鄉秀水鄉金陵村竹圍巷3號,ok,199783.850,2655968.400,BMF6910-0,彰化縣秀水鄉金陵村004鄰竹圍巷３號
彰化縣秀水鄉秀水鄉雅興村雅興街260巷8-1號,ok,199044.050,2663438.370,BMF9563-3,彰化縣秀水鄉馬興村016鄰雅興街２６０巷８之１號
彰化縣秀水鄉秀水鄉鶴鳴村明山街37巷66號,ok,199210.230,2661122.750,JWD9920-0,彰化縣秀水鄉鶴鳴村005鄰明山街３７巷６６號
彰化縣秀水鄉竹圍巷3號,ok,199783.850,2655968.400,BMF6910-0,彰化縣秀水鄉金陵村004鄰竹圍巷３號
彰化縣秀水鄉義興村義雅巷8-12號,ok,198464.830,2662417.970,JVS2237-3,彰化縣秀水鄉義興村001鄰義雅巷８之１２號
彰化縣秀水鄉義雅巷臨5號,ok,198358.450,2662505.320,BMF2180-5,彰化縣秀水鄉義興村001鄰義雅巷臨５號
彰化縣秀水鄉花秀路212號,ok,200259.292,2659560.145,BMF1735-3,彰化縣秀水鄉秀水村010鄰花秀路２１２號
彰化縣秀水鄉花秀路37號,ok,200701.868,2659308.630,BMF1372-7,彰化縣秀水鄉秀水村004鄰花秀路臨３７號
彰化縣秀水鄉花秀路46號對面,ok,,,,
彰化縣秀水鄉花秀路51號,ok,200584.856,2659322.382,BMF1399-8,彰化縣秀水鄉秀水村004鄰花秀路５１號
彰化縣秀水鄉莊雅村秀中街82巷67弄3號,ok,199874.332,2658636.790,BMF3760-2,彰化縣秀水鄉莊雅村011鄰秀中街８２巷６７弄３號
彰化縣秀水鄉蘇周巷162號,ok,,,,
彰化縣秀水鄉西銘巷6-1號,ok,,,,
彰化縣秀水鄉金興村番花路261號,ok,200910.043,2656437.720,BMF6507-3,彰化縣秀水鄉金興村014鄰番花路２６１號
彰化縣秀水鄉金陵村竹圍巷3號,ok,199783.850,2655968.400,BMF6910-0,彰化縣秀水鄉金陵村004鄰竹圍巷３號
彰化縣秀水鄉陜西村埔南巷92號,ok,200352.493,2660634.020,BMD6793-9,彰化縣秀水鄉安溪村008鄰安鶴路９２號
彰化縣秀水鄉陝西村埔南巷92號,ok,200946.370,2656159.820,BMF7999-0,彰化縣秀水鄉陝西村006鄰埔南巷９２號
彰化縣秀水鄉雅興街260巷8-1號,ok,199044.050,2663438.370,BMF9563-3,彰化縣秀水鄉馬興村016鄰雅興街２６０巷８之１號
彰化縣秀水鄉馬興村培英巷1號,ok,198846.146,2661998.318,BMF8756-7,彰化縣秀水鄉馬興村009鄰培英巷１號
彰化縣秀水鄉馬興村西銘巷6-1號,ok,198714.640,2662062.670,BMF8637-0,彰化縣秀水鄉馬興村004鄰西銘巷臨６之１號
彰化縣秀水鄉馬興村鎮南巷20號,ok,198628.059,2661892.138,BMF8629-0,彰化縣秀水鄉馬興村003鄰鎮南巷２０號
彰化縣秀水鄉馬興村雅興街260巷8-1號,ok,199044.050,2663438.370,BMF9563-3,彰化縣秀水鄉馬興村016鄰雅興街２６０巷８之１號
彰化縣秀水鄉鶴鳴村明山街臨182號,ok,199384.683,2661588.300,BMG0263-3,彰化縣秀水鄉鶴鳴村010鄰明山街臨１８２號
彰化縣秀水鄉鶴鳴村永興巷臨61號,ok,198032.930,2661286.767,BMG1196-3,彰化縣秀水鄉鶴鳴村018鄰永興巷臨６１號
彰化縣竹塘鄉五庄村竹五路222號,ok,192159.918,2641092.376,BPC6539-3,彰化縣竹塘鄉五庄村005鄰竹五路２２２號
彰化縣竹塘鄉光明路60號,ok,193897.911,2637090.199,BPF0507-1,彰化縣竹塘鄉田頭村007鄰光明路６０號
彰化縣竹塘鄉光明路廣福巷57號,ok,191942.348,2638129.752,BPC8178-7,彰化縣竹塘鄉新廣村002鄰光明路廣福巷５７號
彰化縣竹塘鄉土庫村東陽路一段362號,ok,189852.074,2638538.450,BPC7373-3,彰化縣竹塘鄉土庫村005鄰東陽路一段３６２號
彰化縣竹塘鄉小西村竹西路122號,ok,190233.824,2640575.077,BPC7737-1,彰化縣竹塘鄉小西村001鄰竹西路１２２號
彰化縣竹塘鄉彰175鄉道21號,ok,,,,
彰化縣竹塘鄉文化街20號,ok,191827.421,2639776.777,BPF1561-1,彰化縣竹塘鄉竹塘村001鄰文化街２０號
彰化縣竹塘鄉新廣村光明路廣福巷57號,ok,191942.348,2638129.752,BPC8178-7,彰化縣竹塘鄉新廣村002鄰光明路廣福巷５７號
彰化縣竹塘鄉東陽路2段123號,ok,187549.988,2638310.563,BPF3137-8,彰化縣竹塘鄉長安村001鄰東陽路二段１２３號
彰化縣竹塘鄉東陽路2段150-18號,ok,187229.508,2638239.420,BPF3198-0,彰化縣竹塘鄉長安村002鄰東陽路二段１５０之１８號
彰化縣竹塘鄉東陽路362號,ok,189852.074,2638538.450,BPC7373-3,彰化縣竹塘鄉土庫村005鄰東陽路一段３６２號
彰化縣竹塘鄉樹腳村福田路6號,ok,193746.441,2637901.310,BPC8756-9,彰化縣竹塘鄉樹腳村001鄰福田路６號
彰化縣竹塘鄉樹腳村竹林路1段大新巷42號,ok,192517.905,2639076.968,BPC8937-1,彰化縣竹塘鄉樹腳村010鄰竹林路一段大新巷４２號
彰化縣竹塘鄉樹腳村竹林路一段大新巷35之2號,ok,192579.162,2639065.698,BPC8922-5,彰化縣竹塘鄉樹腳村009鄰竹林路一段大新巷３５之２號
彰化縣竹塘鄉民靖村成功路85號,ok,190721.216,2641333.306,BPC9265-9,彰化縣竹塘鄉民靖村007鄰成功路８５號
彰化縣竹塘鄉民靖村文昌路152號,ok,190551.887,2641395.156,BPC9287-5,彰化縣竹塘鄉民靖村007鄰文昌路１５２號
彰化縣竹塘鄉民靖村竹林路二段85號,ok,190985.893,2641319.835,BPC9153-1,彰化縣竹塘鄉民靖村003鄰竹林路二段８５號
彰化縣竹塘鄉民靖村金山路40號,ok,190063.838,2642590.479,BPC9380-0,彰化縣竹塘鄉民靖村009鄰金山路４０號
彰化縣竹塘鄉田頭村光明路60號,ok,193897.911,2637090.199,BPF0507-1,彰化縣竹塘鄉田頭村007鄰光明路６０號
彰化縣竹塘鄉田頭村光明路竹田巷74號,ok,194062.330,2637084.770,BPF0319-0,彰化縣竹塘鄉田頭村004鄰光明路竹田巷７４號
彰化縣竹塘鄉竹五路222號,ok,192159.918,2641092.376,BPC6539-3,彰化縣竹塘鄉五庄村005鄰竹五路２２２號
彰化縣竹塘鄉竹塘村文化街20號,ok,191827.421,2639776.777,BPF1561-1,彰化縣竹塘鄉竹塘村001鄰文化街２０號
彰化縣竹塘鄉竹塘街28巷67號,ok,191572.837,2639668.275,BPF1882-6,彰化縣竹塘鄉竹塘村007鄰竹塘街２８巷６７號
彰化縣竹塘鄉竹塘鄉溪墘村河陽路20號,ok,190638.436,2638053.025,BPC9901-3,彰化縣竹塘鄉溪墘村003鄰溪陽路２０號
彰化縣竹塘鄉竹塘鄉田頭村光明路竹田巷74號,ok,194062.330,2637084.770,BPF0319-0,彰化縣竹塘鄉田頭村004鄰光明路竹田巷７４號
彰化縣竹塘鄉竹林村竹鹿路保安巷45號,ok,189189.458,2639688.002,BPF2921-0,彰化縣竹塘鄉竹林村004鄰竹鹿路保安巷４５號
彰化縣竹塘鄉竹林路一段550號,ok,191583.668,2640141.455,BPF1768-5,彰化縣竹塘鄉竹塘村003鄰竹林路一段５５０號
彰化縣竹塘鄉竹鹿路保安巷45號,ok,189189.458,2639688.002,BPF2921-0,彰化縣竹塘鄉竹林村004鄰竹鹿路保安巷４５號
彰化縣竹塘鄉金山路40號,ok,190063.838,2642590.479,BPC9380-0,彰化縣竹塘鄉民靖村009鄰金山路４０號
彰化縣竹塘鄉長安村東陽路二段123號,ok,187549.988,2638310.563,BPF3137-8,彰化縣竹塘鄉長安村001鄰東陽路二段１２３號
彰化縣線西鄉下犁村下犁路139-1號,ok,196122.600,2667450.760,BLW0636-1,彰化縣線西鄉下犁村013鄰下犁路１３９之１號
彰化縣線西鄉下犁村下犁路139之1號,ok,196122.600,2667450.760,BLW0636-1,彰化縣線西鄉下犁村013鄰下犁路１３９之１號
彰化縣線西鄉中央路二段135號,ok,196101.550,2669663.040,BLW1612-8,彰化縣線西鄉寓埔村002鄰中央路二段１３５號
彰化縣線西鄉中央路二段145號,ok,196022.580,2669756.290,BLW1613-9,彰化縣線西鄉寓埔村002鄰中央路二段１４５號
彰化縣線西鄉塭仔村塭仔路141號,ok,,,BLW1315-1,彰化縣線西鄉塭仔村012鄰塭仔路１４１號
彰化縣線西鄉寓埔村中央路2段386巷128號,ok,195846.270,2670285.540,BLW5778-5,彰化縣線西鄉線西村007鄰中央路二段３８６巷１２８號
彰化縣線西鄉寓埔村中央路二段145號,ok,196022.580,2669756.290,BLW1613-9,彰化縣線西鄉寓埔村002鄰中央路二段１４５號
彰化縣線西鄉寓埔村中央路二段15號,ok,196294.310,2669570.310,BLW1615-0,彰化縣線西鄉寓埔村002鄰中央路二段１５號
彰化縣線西鄉寓埔村寓埔路177-1號,ok,195102.660,2669928.860,BLW2390-7,彰化縣線西鄉寓埔村016鄰寓埔路１７７之１號
彰化縣線西鄉寓埔路177-1號,ok,195102.660,2669928.860,BLW2390-7,彰化縣線西鄉寓埔村016鄰寓埔路１７７之１號
彰化縣線西鄉德興村線東路二段447號,ok,197315.020,2670104.620,BLW3307-0,彰化縣線西鄉德興村006鄰線東路二段４４７號
彰化縣線西鄉沿海路一段495巷17號,ok,187771.004,2656676.703,BMD0618-0,彰化縣福興鄉麥厝村023鄰沿海路一段１７號
彰化縣線西鄉線東路2段447號,ok,197315.020,2670104.620,BLW3307-0,彰化縣線西鄉德興村006鄰線東路二段４４７號
彰化縣線西鄉線西村中央路2段536巷31號,ok,195448.040,2670213.620,BLW5860-8,彰化縣線西鄉線西村011鄰中央路二段５３６巷３１號
彰化縣線西鄉線西村中央路二段536巷31號,ok,195448.040,2670213.620,BLW5860-8,彰化縣線西鄉線西村011鄰中央路二段５３６巷３１號
彰化縣線西鄉線西鄉溝內村溝內路113-1號,ok,194536.990,2669456.050,JTY2090-1,彰化縣線西鄉溝內村010鄰溝內路１１３之１號
彰化縣線西鄉線西鄉頂庄村沿海路二段334巷32號,ok,195869.710,2670669.160,BLW6810-1,彰化縣線西鄉頂庄村002鄰沿海路二段３３４巷３２號
彰化縣線西鄉頂庄村沿海路2段334巷32號,ok,195869.710,2670669.160,BLW6810-1,彰化縣線西鄉頂庄村002鄰沿海路二段３３４巷３２號
彰化縣線西鄉頂庄村沿海路二段334巷32號,ok,195869.710,2670669.160,BLW6810-1,彰化縣線西鄉頂庄村002鄰沿海路二段３３４巷３２號
彰化縣線西鄉頂犁村頂犁路48-1號,ok,197157.290,2668657.070,BLW7636-0,彰化縣線西鄉頂犁村005鄰頂犁路４８號之１
彰化縣線西鄉頂犁路158-1號,ok,,,BLW8016-1,彰化縣線西鄉頂犁村014鄰頂犁路１５８之１號
彰化縣線西鄉頂犁路48之1號,ok,197157.290,2668657.070,BLW7636-0,彰化縣線西鄉頂犁村005鄰頂犁路４８號之１
彰化縣芬園鄉中崙村大彰路3段934巷11號,ok,210835.790,2653770.710,BMJ8830-5,彰化縣芬園鄉中崙村015鄰大彰路二段９３４巷１１號
彰化縣芬園鄉中崙村大彰路二段934巷11號,ok,210835.790,2653770.710,BMJ8830-5,彰化縣芬園鄉中崙村015鄰大彰路二段９３４巷１１號
彰化縣芬園鄉同安村大彰路三段147巷13號,ok,210501.760,2654228.740,BMJ9605-1,彰化縣芬園鄉同安村020鄰大彰路三段１４７巷１３號
彰化縣芬園鄉嘉北街96號,ok,213724.940,2656766.980,BMK9858-6,彰化縣芬園鄉茄荖村010鄰嘉北街９６號
彰化縣芬園鄉嘉興村嘉東街845巷26號,ok,216140.190,2656410.220,BMK0027-9,彰化縣芬園鄉嘉興村005鄰嘉東街８４５巷２６號
彰化縣芬園鄉嘉興村芬草路1段83號,ok,214085.400,2656092.610,BMK0511-6,彰化縣芬園鄉嘉興村009鄰芬草路一段８３號
彰化縣芬園鄉嘉興村芬草路一段93巷126號,ok,213787.080,2656044.010,BMK0578-5,彰化縣芬園鄉嘉興村011鄰芬草路一段９３巷１２６號
彰化縣芬園鄉圳墘村彰南路二段36號,ok,213375.540,2653615.610,BMK0810-3,彰化縣芬園鄉圳墘村004鄰彰南路二段３６號
彰化縣芬園鄉圳墘村碧園路1段403號,ok,213401.000,2653182.290,BMK0981-1,彰化縣芬園鄉圳墘村009鄰碧園路一段４０３號
彰化縣芬園鄉圳墘村碧園路二段305之1號,ok,312573.500,2607471.690,CBY8096-7,澎湖縣湖西鄉成功村001鄰港底３０５之１號
彰化縣芬園鄉大埔村大埔路6號,ok,211294.630,2658086.810,BMK1330-7,彰化縣芬園鄉大埔村009鄰大埔路６號
彰化縣芬園鄉大埔村大埔路一段156號,ok,211145.580,2657852.570,BMK1311-3,彰化縣芬園鄉大埔村008鄰大埔路１５６號
彰化縣芬園鄉大埔路6號,ok,211294.630,2658086.810,BMK1330-7,彰化縣芬園鄉大埔村009鄰大埔路６號
彰化縣芬園鄉大彰路二段400巷36號,ok,211460.440,2652617.310,BMJ8685-3,彰化縣芬園鄉中崙村005鄰大彰路二段４００巷３６號
彰化縣芬園鄉大竹村大彰路一段345巷臨67號,ok,212297.420,2650405.800,BMK2309-3,彰化縣芬園鄉大竹村020鄰大彰路一段３４５巷臨６７號
彰化縣芬園鄉大竹村大彰路一段617號,ok,212174.530,2651015.560,BMK2211-5,彰化縣芬園鄉大竹村016鄰大彰路一段６１７號
彰化縣芬園鄉彰南路4段27巷28號,ok,212071.010,2656409.850,BMK5125-0,彰化縣芬園鄉社口村012鄰彰南路四段２７巷２８號
彰化縣芬園鄉彰南路二段36號,ok,213375.540,2653615.610,BMK0810-3,彰化縣芬園鄉圳墘村004鄰彰南路二段３６號
彰化縣芬園鄉楓坑村楓林街629號,ok,210710.950,2656742.320,BMK2378-7,彰化縣芬園鄉楓坑村001鄰楓林街６２９號
彰化縣芬園鄉溪頭村碧園路1段23號,ok,213681.240,2652126.730,BMK3259-5,彰化縣芬園鄉溪頭村014鄰碧園路一段２３號
彰化縣芬園鄉溪頭村碧園路一段21號,ok,213684.200,2652116.890,BMK3257-2,彰化縣芬園鄉溪頭村014鄰碧園路一段２１號
彰化縣芬園鄉社口村南妙街74號,ok,211610.950,2656300.230,BMK5669-7,彰化縣芬園鄉社口村022鄰南妙街７４號
彰化縣芬園鄉社口村彰南路四段25號1樓及,ok,,,,
彰化縣芬園鄉社口村彰南路四段27巷28號,ok,212071.010,2656409.850,BMK5125-0,彰化縣芬園鄉社口村012鄰彰南路四段２７巷２８號
彰化縣芬園鄉社口村彰南路四段27巷80號,ok,211985.250,2656395.340,BMK5132-9,彰化縣芬園鄉社口村012鄰彰南路四段２７巷８０號
彰化縣芬園鄉社口村忠孝路27號,ok,212134.990,2656489.600,BMK5117-0,彰化縣芬園鄉社口村011鄰忠孝路２７號
彰化縣芬園鄉社口村芬草路2段300號,ok,212260.830,2656592.050,BMK3892-3,彰化縣芬園鄉社口村003鄰芬草路二段３００號
彰化縣芬園鄉竹林村太平路77巷12號,ok,212062.520,2657348.100,BMK6579-0,彰化縣芬園鄉竹林村007鄰太平路７７巷１２號
彰化縣芬園鄉縣庄村彰南路二段385巷21號,ok,212761.000,2654253.600,BMK7623-0,彰化縣芬園鄉縣庄村011鄰彰南路二段３８５巷２１號
彰化縣芬園鄉縣庄村彰南路二段385巷41號,ok,212760.640,2654299.550,BMK7528-2,彰化縣芬園鄉縣庄村006鄰彰南路二段３８５巷４１號
彰化縣芬園鄉舊社村彰南路5段451巷36號,ok,211439.090,2659173.390,BMK7821-5,彰化縣芬園鄉舊社村002鄰彰南路五段４５１巷３６號
彰化縣芬園鄉舊社村彰南路五段2巷20號,ok,210287.500,2662491.890,BLB3273-1,彰化縣彰化市快官里001鄰彰南路五段２巷２０號
彰化縣芬園鄉舊社村彰南路五段2巷41號,ok,211857.610,2658230.200,BMK7761-0,彰化縣芬園鄉舊社村001鄰彰南路五段２巷４１號
彰化縣芬園鄉舊社村德興路1段651號,ok,210365.080,2658257.560,BMK8118-2,彰化縣芬園鄉舊社村013鄰德興路一段６５１號
彰化縣芬園鄉舊社村新興路1段504號,ok,210488.830,2659881.840,BMK8389-3,彰化縣芬園鄉舊社村021鄰新興路一段５０４號
彰化縣芬園鄉芬園村南妙街427號,ok,211152.630,2655988.190,BMK8971-1,彰化縣芬園鄉芬園村012鄰南妙街４２７號
彰化縣芬園鄉芬園村彰南路三段496號1、B,ok,,,,
彰化縣芬園鄉芬園鄉嘉興村芬草路一段93巷126號,ok,213787.080,2656044.010,BMK0578-5,彰化縣芬園鄉嘉興村011鄰芬草路一段９３巷１２６號
彰化縣芬園鄉芬草路二段300號,ok,212260.830,2656592.050,BMK3892-3,彰化縣芬園鄉社口村003鄰芬草路二段３００號
彰化縣芬園鄉茄荖村嘉北街96號,ok,213724.940,2656766.980,BMK9858-6,彰化縣芬園鄉茄荖村010鄰嘉北街９６號
彰化縣芬園鄉茄荖村慶功街211巷48號,ok,214119.480,2657951.350,BMK9228-1,彰化縣芬園鄉茄荖村002鄰慶功街２１１巷４８號
彰化縣芬園鄉進芬村中華路9號,ok,212240.160,2655964.120,BMM0796-2,彰化縣芬園鄉進芬村005鄰中華路９號
彰化縣花壇鄉三芬路47號,ok,205856.550,2656978.950,BMG2389-5,彰化縣花壇鄉三春村012鄰三芬路４７號
彰化縣花壇鄉中口村中山路二段471號,ok,202676.030,2659373.730,BMG2913-2,彰化縣花壇鄉中口村010鄰中山路二段４７１號
彰化縣花壇鄉中山路2段457號,ok,202743.800,2659172.150,BMG7762-6,彰化縣花壇鄉南口村010鄰中山路二段４５７號
彰化縣花壇鄉中山路2段471號,ok,202676.030,2659373.730,BMG2913-2,彰化縣花壇鄉中口村010鄰中山路二段４７１號
彰化縣花壇鄉中山路二段182號,ok,203039.680,2658409.090,BMG7806-0,彰化縣花壇鄉南口村011鄰中山路二段１８２號
彰化縣花壇鄉中庄村中山路一段125號,ok,204363.680,2656600.820,BMG3166-6,彰化縣花壇鄉中庄村004鄰中山路一段１２５號
彰化縣花壇鄉中橋街226號,ok,204364.570,2656863.370,BMG3235-1,彰化縣花壇鄉中庄村004鄰中橋街２２６號
彰化縣花壇鄉中正路72號,ok,203772.720,2658160.510,BMJ7035-1,彰化縣花壇鄉長沙村022鄰中正路７２號
彰化縣花壇鄉劉厝村明德街447巷2號,ok,201980.370,2657603.220,BMG5583-7,彰化縣花壇鄉劉厝村004鄰明德街４４７巷２號
彰化縣花壇鄉劉厝村明雅街131號,ok,201807.510,2657933.120,BMG5833-6,彰化縣花壇鄉劉厝村012鄰明雅街１３１號
彰化縣花壇鄉北口村彰花路450巷8號,ok,,,,
彰化縣花壇鄉南口村中山路二段369號,ok,202829.270,2658827.590,BMG7133-2,彰化縣花壇鄉南口村004鄰中山路二段３６９號
彰化縣花壇鄉學前路108號,ok,203534.410,2658012.810,BMJ7300-0,彰化縣花壇鄉長沙村024鄰學前路１０８號
彰化縣花壇鄉岩竹村大嶺巷9號,ok,205337.180,2659955.520,BMG9758-8,彰化縣花壇鄉岩竹村014鄰大嶺巷９號
彰化縣花壇鄉平和街76號,ok,203221.210,2657737.290,BMJ0802-9,彰化縣花壇鄉花壇村009鄰平和街７６號
彰化縣花壇鄉彰員路2段580號,ok,204174.370,2658403.440,BMJ6567-0,彰化縣花壇鄉長沙村018鄰彰員路二段５８０號
彰化縣花壇鄉彰員路2段586號,ok,204250.770,2658552.010,GBY9082-6,彰化縣花壇鄉長沙村016鄰彰員路二段５８６號
彰化縣花壇鄉彰員路3段225號,ok,203732.270,2660386.850,BMH7733-6,彰化縣花壇鄉白沙村004鄰彰員路三段２２５號
彰化縣花壇鄉彰員路3段2號,ok,203948.630,2659864.980,BMH9009-2,彰化縣花壇鄉白沙村022鄰彰員路三段２號
彰化縣花壇鄉彰員路二段580號,ok,204174.370,2658403.440,BMJ6567-0,彰化縣花壇鄉長沙村018鄰彰員路二段５８０號
彰化縣花壇鄉文德村宏宅街39號,ok,203395.240,2659704.570,BMH1787-6,彰化縣花壇鄉文德村012鄰宏宅街３９號
彰化縣花壇鄉文德村溪南街66巷16號,ok,203761.800,2659687.360,BMH1868-6,彰化縣花壇鄉文德村013鄰溪南街６６巷１６號
彰化縣花壇鄉明雅街131號,ok,201807.510,2657933.120,BMG5833-6,彰化縣花壇鄉劉厝村012鄰明雅街１３１號
彰化縣花壇鄉楓腳巷128號,ok,205543.970,2656982.630,BMH7036-8,彰化縣花壇鄉灣雅村006鄰楓腳巷１２８號
彰化縣花壇鄉橋頭村花橋街117-1號,ok,204242.120,2657626.420,BMH3272-1,彰化縣花壇鄉橋頭村014鄰花橋街１１７之１號
彰化縣花壇鄉溪北街191號,ok,203748.380,2660260.000,BMH7766-5,彰化縣花壇鄉白沙村004鄰溪北街１９１號
彰化縣花壇鄉灣東村隴西二巷161號,ok,205527.800,2657341.160,BMH6375-0,彰化縣花壇鄉灣東村004鄰隴西二巷１６１號
彰化縣花壇鄉灣雅村彰員路一段852,ok,,,,
彰化縣花壇鄉無,ok,,,,
彰化縣花壇鄉白沙村彰員路三段225號,ok,203732.270,2660386.850,BMH7733-6,彰化縣花壇鄉白沙村004鄰彰員路三段２２５號
彰化縣花壇鄉白沙村溪北街191號,ok,203748.380,2660260.000,BMH7766-5,彰化縣花壇鄉白沙村004鄰溪北街１９１號
彰化縣花壇鄉白沙村虎山街350號,ok,204017.920,2660166.360,BMH7627-5,彰化縣花壇鄉白沙村002鄰虎山街３５０號
彰化縣花壇鄉花壇村平和街76號,ok,203221.210,2657737.290,BMJ0802-9,彰化縣花壇鄉花壇村009鄰平和街７６號
彰化縣花壇鄉花壇鄉中正路35號,ok,204016.310,2658195.480,BMJ6256-9,彰化縣花壇鄉長沙村034鄰中正路３５號
彰化縣花壇鄉花壇鄉劉厝村明雅街40巷1號,ok,201908.030,2657737.050,BMG5680-7,彰化縣花壇鄉劉厝村007鄰明雅街４０巷１號
彰化縣花壇鄉花壇鄉岩竹村虎山街137號,ok,204678.050,2660064.130,BMG9785-0,彰化縣花壇鄉岩竹村016鄰虎山街１３７號
彰化縣花壇鄉花壇鄉成功街208巷9號1-3樓,ok,,,,
彰化縣花壇鄉花壇鄉長春村彰員路1段172巷45號,ok,206873.060,2656227.760,BMJ3815-6,彰化縣花壇鄉長春村004鄰彰員路一段１７２巷４５號
彰化縣花壇鄉花壇鄉長沙村中正路66號1樓,ok,203841.140,2658198.650,BMJ6392-6,彰化縣花壇鄉長沙村034鄰中正路６６號
彰化縣花壇鄉花橋街117-1號,ok,204242.120,2657626.420,BMH3272-1,彰化縣花壇鄉橋頭村014鄰花橋街１１７之１號
彰化縣花壇鄉菕雅村花秀路446號,ok,201717.520,2658707.760,BMH0188-5,彰化縣花壇鄉崙雅村004鄰花秀路４４６號
彰化縣花壇鄉金墩村金墩村101號,ok,203981.160,2657024.420,BMJ2975-7,彰化縣花壇鄉金墩村011鄰金墩街１０１號
彰化縣花壇鄉金墩村金福街101號,ok,203696.340,2656921.640,BMJ3382-1,彰化縣花壇鄉金墩村016鄰金福街１０１號
彰化縣花壇鄉長春村彰員路1段172巷45號,ok,206873.060,2656227.760,BMJ3815-6,彰化縣花壇鄉長春村004鄰彰員路一段１７２巷４５號
彰化縣花壇鄉長沙村彰員路2段586-3號,ok,,,,
彰化縣花壇鄉長沙村彰員路二段542號,ok,204175.960,2658255.340,BMJ7725-0,彰化縣花壇鄉長沙村025鄰彰員路二段５４２號
彰化縣花壇鄉長青路25號,ok,206368.140,2656986.100,BMH5382-5,彰化縣花壇鄉永春村003鄰長青路２５號
彰化縣芳苑鄉528彰化縣芳苑鄉民生村芳功段1232地號(無地址)2層樓,ok,,,,
彰化縣芳苑鄉528彰化縣芳苑鄉芳草段420地號,ok,,,,
彰化縣芳苑鄉三合村斗苑路三合段238巷86號,ok,184048.876,2644613.953,BNZ2757-5,彰化縣芳苑鄉三合村008鄰斗苑路三合段２３８巷８６號
彰化縣芳苑鄉五俊村新生巷5-1號,ok,188844.720,2662899.440,BLL0391-5,彰化縣鹿港鎮東石里025鄰鹿工南三路５之１號
彰化縣芳苑鄉五俊村新生巷5號,ok,183598.100,2647749.820,BNZ5266-2,彰化縣芳苑鄉五俊村009鄰新生巷５號
彰化縣芳苑鄉仁愛村中央路38號,ok,180497.085,2646896.481,BNZ5513-9,彰化縣芳苑鄉仁愛村004鄰中央路３８號
彰化縣芳苑鄉仁愛村斗苑路245號,ok,180626.795,2646860.511,BNZ5355-2,彰化縣芳苑鄉仁愛村002鄰斗苑路芳苑段２４５號
彰化縣芳苑鄉仁愛村斗苑路芳苑段211號,ok,180764.400,2646726.685,BNZ5322-3,彰化縣芳苑鄉仁愛村002鄰斗苑路芳苑段２１１號
彰化縣芳苑鄉信義村芳新路76號,ok,254440.340,2755384.450,BGG6023-3,新竹縣湖口鄉信勢村003鄰成功路７６號
彰化縣芳苑鄉功湖路王功段481號,ok,183043.994,2651308.107,BPB3910-6,彰化縣芳苑鄉王功村004鄰功湖路王功段４８１號
彰化縣芳苑鄉功湖路草湖段140號,ok,186732.287,2650544.312,BPB8259-1,彰化縣芳苑鄉草湖村013鄰功湖路草湖段１４０號
彰化縣芳苑鄉博愛村北頭巷6號,ok,182862.698,2651390.378,BNZ6013-8,彰化縣芳苑鄉博愛村001鄰北頭巷６號
彰化縣芳苑鄉博愛村芳漢路王功段458號,ok,182754.789,2651188.431,BNZ6111-9,彰化縣芳苑鄉博愛村004鄰芳漢路王功段４５８號
彰化縣芳苑鄉和平村西北巷6號,ok,182636.210,2651210.230,BNZ6275-8,彰化縣芳苑鄉和平村002鄰西北巷６號
彰化縣芳苑鄉崙腳村中正路33號,ok,185295.455,2651763.308,BNZ6712-8,彰化縣芳苑鄉崙腳村004鄰中正路３３號
彰化縣芳苑鄉工區一路45巷83弄17號,ok,183560.436,2644967.823,BNZ3630-5,彰化縣芳苑鄉三合村016鄰工區一路４５巷８３弄１７號
彰化縣芳苑鄉建平村建平段405號,ok,194784.100,2667346.330,BLM3298-6,彰化縣鹿港鎮草中里022鄰鹿草路四段４０５號
彰化縣芳苑鄉建平村新興巷33號,ok,188875.726,2652159.828,BNZ6900-0,彰化縣芳苑鄉建平村001鄰新興巷３３號
彰化縣芳苑鄉後寮村4鄰寮北巷5號,ok,193677.870,2661735.560,BLM8961-3,彰化縣鹿港鎮頂厝里004鄰大同路５號
彰化縣芳苑鄉成功一路45號,ok,185790.100,2655808.140,BPB2353-5,彰化縣芳苑鄉漢寶村010鄰成功一路４５號
彰化縣芳苑鄉文津村芳草路66號,ok,184610.620,2647937.710,BNZ8878-7,彰化縣芳苑鄉文津村009鄰芳草路６６號
彰化縣芳苑鄉斗苑路芳苑段230號,ok,180672.292,2646949.660,BPB7263-3,彰化縣芳苑鄉芳苑村012鄰斗苑路芳苑段２３０號
彰化縣芳苑鄉新上路12號,ok,181605.356,2643675.995,BPB8602-7,彰化縣芳苑鄉路上村008鄰新上路１２號
彰化縣芳苑鄉新寶村芳漢路新寶段108-91號,ok,,,,
彰化縣芳苑鄉新寶村芳漢路新寶段129巷100號,ok,183357.499,2652771.726,BNZ9053-8,彰化縣芳苑鄉新寶村001鄰芳漢路新寶段１２９巷１００號
彰化縣芳苑鄉新生村草崙路15之1號,ok,,,BPB0020-9,彰化縣芳苑鄉新生村002鄰草崙路１５之１號
彰化縣芳苑鄉新生村草漢路草二段86號,ok,188063.165,2653057.317,BPB0185-9,彰化縣芳苑鄉新生村005鄰草漢路草二段８６號
彰化縣芳苑鄉新街村新東路20號,ok,179361.241,2644539.662,BPB0802-0,彰化縣芳苑鄉新街村005鄰新東路２０號
彰化縣芳苑鄉永興村太平路218號,ok,181848.698,2648853.184,BPB1902-8,彰化縣芳苑鄉永興村022鄰太平路永興段２１８號
彰化縣芳苑鄉永興村太平路300號,ok,181997.670,2649200.079,BPB1927-7,彰化縣芳苑鄉永興村022鄰太平路永興段３００號
彰化縣芳苑鄉漢寶村成功一路45號,ok,185790.100,2655808.140,BPB2353-5,彰化縣芳苑鄉漢寶村010鄰成功一路４５號
彰化縣芳苑鄉漢寶村草漢路漢寶段541號,ok,187400.122,2655931.290,BPB3273-0,彰化縣芳苑鄉漢寶村020鄰草漢路漢寶段５４１號
彰化縣芳苑鄉無,ok,,,,
彰化縣芳苑鄉王功村功湖路481號,ok,183043.994,2651308.107,BPB3910-6,彰化縣芳苑鄉王功村004鄰功湖路王功段４８１號
彰化縣芳苑鄉王功村功湖路王功段417巷36號,ok,183117.033,2651236.576,BPB3891-0,彰化縣芳苑鄉王功村004鄰功湖路王功段４１７巷３６號
彰化縣芳苑鄉王功村育嬰巷1號,ok,182878.190,2651220.090,BPB5185-9,彰化縣芳苑鄉王功村010鄰育嬰巷１號
彰化縣芳苑鄉興仁村97巷11號,ok,182867.340,2651015.608,BPB6120-6,彰化縣芳苑鄉興仁村001鄰建成路９７巷１１號
彰化縣芳苑鄉芳寮路30號,ok,182986.494,2646413.696,BNZ7818-0,彰化縣芳苑鄉後寮村001鄰芳寮路３０號
彰化縣芳苑鄉芳漢路129巷100號,ok,183357.499,2652771.726,BNZ9053-8,彰化縣芳苑鄉新寶村001鄰芳漢路新寶段１２９巷１００號
彰化縣芳苑鄉芳苑村芳漢路2段179號,ok,180793.567,2647379.226,BPB7150-6,彰化縣芳苑鄉芳苑村006鄰芳漢路芳二段１７９號
彰化縣芳苑鄉芳苑鄉三合村斗苑路三合段238巷86號,ok,184048.876,2644613.953,BNZ2757-5,彰化縣芳苑鄉三合村008鄰斗苑路三合段２３８巷８６號
彰化縣芳苑鄉芳苑鄉三成村中平巷2號,ok,182318.680,2642859.700,BNZ3990-6,彰化縣芳苑鄉三成村005鄰中平巷２號
彰化縣芳苑鄉芳苑鄉後寮村寮北巷5號,ok,183394.004,2645250.409,BNZ8138-8,彰化縣芳苑鄉後寮村011鄰工區路５號
彰化縣芳苑鄉芳苑鄉芳埤段184號,ok,180859.567,2646743.638,BNZ5691-6,彰化縣芳苑鄉仁愛村011鄰斗苑路芳苑段１８４號
彰化縣芳苑鄉芳苑鄉路上村新厝路19號,ok,180782.629,2643757.081,BPB8639-0,彰化縣芳苑鄉路上村009鄰新厝路１９號
彰化縣芳苑鄉草湖村二溪路草二段319號,ok,187093.410,2650193.260,BPB7588-1,彰化縣芳苑鄉草湖村001鄰二溪路草二段３１９號
彰化縣芳苑鄉草湖村功湖路草湖段140號,ok,186732.287,2650544.312,BPB8259-1,彰化縣芳苑鄉草湖村013鄰功湖路草湖段１４０號
彰化縣芳苑鄉草漢路漢寶段541號,ok,187400.122,2655931.290,BPB3273-0,彰化縣芳苑鄉漢寶村020鄰草漢路漢寶段５４１號
彰化縣芳苑鄉草漢路草二段228巷7號,ok,187925.455,2653463.632,BPB0316-1,彰化縣芳苑鄉新生村008鄰草漢路草二段２２８巷７號
彰化縣芳苑鄉路上村新上路12號,ok,181605.356,2643675.995,BPB8602-7,彰化縣芳苑鄉路上村008鄰新上路１２號
彰化縣芳苑鄉路平村路平路36-42號,ok,182624.566,2643800.369,BPB8722-3,彰化縣芳苑鄉路平村001鄰路平路３６之４２號
彰化縣芳苑鄉頂廍村上林路頂部段407號,ok,181693.730,2645407.220,BPB9237-0,彰化縣芳苑鄉頂廍村008鄰上林路頂廍段４０７號
彰化縣芳苑鄉頂廍村北平巷8號,ok,181878.155,2645508.221,BPB9098-7,彰化縣芳苑鄉頂廍村001鄰北平巷８號
彰化縣鹿港鎮三民路192號,ok,192404.940,2660810.800,BLM3671-7,彰化縣鹿港鎮菜園里001鄰三民路１９２號
彰化縣鹿港鎮中山路661號,ok,191513.090,2661869.500,BLK9357-3,彰化縣鹿港鎮東石里023鄰中山路６６１號
彰化縣鹿港鎮中正路588號,ok,192638.440,2662073.220,BLJ6273-3,彰化縣鹿港鎮埔崙里012鄰中正路５８８號
彰化縣鹿港鎮公園一路2號,ok,192311.430,2661056.660,BLJ8622-2,彰化縣鹿港鎮大有里011鄰公園一路２號
彰化縣鹿港鎮公園三路51號,ok,192096.390,2661179.520,BLL6590-3,彰化縣鹿港鎮洛津里016鄰公園三路５１號
彰化縣鹿港鎮力行街45號,ok,192618.920,2660479.890,BLM6325-3,彰化縣鹿港鎮街尾里020鄰力行街４５號
彰化縣鹿港鎮南勢社區活動中心,ok,,,,
彰化縣鹿港鎮埔崙里中正路588號,ok,192638.440,2662073.220,BLJ6273-3,彰化縣鹿港鎮埔崙里012鄰中正路５８８號
彰化縣鹿港鎮埔崙里八德路26號,ok,192477.380,2662054.540,BLJ6635-0,彰化縣鹿港鎮埔崙里014鄰八德路２６號
彰化縣鹿港鎮埔崙里鹿草路1段441號1樓,ok,192628.390,2662377.320,BLJ6986-0,彰化縣鹿港鎮埔崙里017鄰鹿草路一段４４１號
彰化縣鹿港鎮山崙里山寮巷26號,ok,194476.950,2668351.680,BLJ8996-0,彰化縣鹿港鎮山崙里002鄰山寮巷２６號
彰化縣鹿港鎮山崙里山寮巷52號,ok,194511.500,2667890.870,BLJ9071-8,彰化縣鹿港鎮山崙里005鄰山寮巷５２號
彰化縣鹿港鎮山崙里山崙巷52號,ok,189814.810,2668345.280,JVQ2063-0,彰化縣鹿港鎮山崙里021鄰崙工北五路５２號
彰化縣鹿港鎮崙尾巷26-9號,ok,193916.200,2667521.240,BLJ9587-0,彰化縣鹿港鎮山崙里012鄰崙尾巷２６之９號
彰化縣鹿港鎮廖厝里楊厝巷62-21號,ok,195789.350,2662663.290,BLK1536-2,彰化縣鹿港鎮廖厝里016鄰楊厝巷臨６２之２１號
彰化縣鹿港鎮復興南路422巷18號,ok,192285.730,2660750.830,BLM3871-2,彰化縣鹿港鎮菜園里016鄰復興南路４２２巷１８號
彰化縣鹿港鎮忠孝路403號,ok,192426.620,2661587.670,BLN5875-0,彰化縣鹿港鎮順興里010鄰忠孝路４０３號
彰化縣鹿港鎮文開路60號,ok,192056.220,2661474.410,BLK2623-5,彰化縣鹿港鎮新宮里001鄰文開路６０號
彰化縣鹿港鎮景福里萬壽路244號,ok,216582.009,2671207.338,DYK2786-2,臺中市西區後龍里019鄰民權路２４４號
彰化縣鹿港鎮東崎七巷1號,ok,196605.750,2661336.410,BLK5755-8,彰化縣鹿港鎮東崎里011鄰東崎七巷１號
彰化縣鹿港鎮東崎社區活動中心(東崎7巷3號旁),ok,,,,
彰化縣鹿港鎮東崎里打鐵厝(巷)9號,ok,,,,
彰化縣鹿港鎮東崎里打鐵巷9號,ok,195345.580,2661388.850,BLK7585-6,彰化縣鹿港鎮東崎里027鄰富麗一街９號
彰化縣鹿港鎮東崎里東崎七巷1號,ok,196605.750,2661336.410,BLK5755-8,彰化縣鹿港鎮東崎里011鄰東崎七巷１號
彰化縣鹿港鎮東崎里東崎七巷52號,ok,196647.430,2661506.090,BLK5816-3,彰化縣鹿港鎮東崎里011鄰東崎七巷５２號
彰化縣鹿港鎮某旦巷85號,ok,194790.390,2663166.140,BLM6728-9,彰化縣鹿港鎮詔安里004鄰某旦巷８５號
彰化縣鹿港鎮棋盤巷32之2號旁,ok,,,,
彰化縣鹿港鎮民權路168號,ok,192546.090,2661480.960,BLK3162-0,彰化縣鹿港鎮景福里004鄰民權路１６８號
彰化縣鹿港鎮洋厝巷42-3號,ok,194281.220,2666152.220,BLL3955-0,彰化縣鹿港鎮洋厝里001鄰洋厝巷４２之３號
彰化縣鹿港鎮洋厝里1鄰洋厝巷42-3號,ok,194281.220,2666152.220,BLL3955-0,彰化縣鹿港鎮洋厝里001鄰洋厝巷４２之３號
彰化縣鹿港鎮洋厝里新厝巷51-1號,ok,193730.500,2665231.170,BLL5775-7,彰化縣鹿港鎮洋厝里017鄰新厝巷臨５１之１號
彰化縣鹿港鎮洋厝里新厝巷53號,ok,193699.370,2665246.690,BLL5817-0,彰化縣鹿港鎮洋厝里018鄰新厝巷５３號
彰化縣鹿港鎮洋厝里洋厝巷42-3號,ok,194281.220,2666152.220,BLL3955-0,彰化縣鹿港鎮洋厝里001鄰洋厝巷４２之３號
彰化縣鹿港鎮溝墘里棋盤巷77號,ok,196729.360,2662757.060,BLL9835-8,彰化縣鹿港鎮溝墘里009鄰棋盤巷７７號
彰化縣鹿港鎮溝墘里溝墘巷臨72-8號,ok,197470.790,2663956.050,BLL8937-9,彰化縣鹿港鎮溝墘里001鄰溝墘巷臨７２之８號
彰化縣鹿港鎮無,ok,,,,
彰化縣鹿港鎮自由路300號,ok,192866.080,2662378.640,BLJ5972-0,彰化縣鹿港鎮埔崙里008鄰自由路３００號
彰化縣鹿港鎮草中巷2-16號,ok,195367.420,2666659.890,BLM2891-2,彰化縣鹿港鎮草中里019鄰草中巷２之１６號
彰化縣鹿港鎮草中里(巷)174號,ok,,,,
彰化縣鹿港鎮草中里慶安街65號,ok,194877.090,2667085.830,BLM3300-2,彰化縣鹿港鎮草中里023鄰慶安街臨６５號
彰化縣鹿港鎮菜園里復興南路422巷18號,ok,192285.730,2660750.830,BLM3871-2,彰化縣鹿港鎮菜園里016鄰復興南路４２２巷１８號
彰化縣鹿港鎮街尾里龍舟路22號,ok,192909.470,2660260.550,BLM5933-8,彰化縣鹿港鎮街尾里009鄰龍舟路２２號
彰化縣鹿港鎮詔安里某旦巷85號,ok,194790.390,2663166.140,BLM6728-9,彰化縣鹿港鎮詔安里004鄰某旦巷８５號
彰化縣鹿港鎮鄧安宮廣場,ok,,,,
彰化縣鹿港鎮金門巷81號,ok,192606.300,2660705.350,BLN8621-1,彰化縣鹿港鎮龍山里014鄰金門巷８１號
彰化縣鹿港鎮長安路125號,ok,193385.880,2661596.600,BLM9570-7,彰化縣鹿港鎮頂厝里017鄰長安路１２５號
彰化縣鹿港鎮頂厝里鹿興路91號,ok,193518.480,2661126.800,BLN1231-3,彰化縣鹿港鎮鹿東里009鄰鹿興路９１號
彰化縣鹿港鎮頂番里彰頂路326巷137號,ok,197610.170,2664767.940,BLN3038-2,彰化縣鹿港鎮頂番里009鄰彰頂路３２６巷１３７號
彰化縣鹿港鎮頂草路1段100號,ok,197149.310,2664861.270,BLN2236-2,彰化縣鹿港鎮頂番里001鄰頂草路一段１００號
彰化縣鹿港鎮頂草路2段150號,ok,196823.500,2665263.230,BLN7536-1,彰化縣鹿港鎮頭崙里007鄰頂草路二段１５０號
彰化縣鹿港鎮頂草路3段167號,ok,196008.840,2666032.100,BLN6985-9,彰化縣鹿港鎮頭南里018鄰頂草路三段１６７號
彰化縣鹿港鎮頂草路一段100號,ok,197149.310,2664861.270,BLN2236-2,彰化縣鹿港鎮頂番里001鄰頂草路一段１００號
彰化縣鹿港鎮頂草路二段150號,ok,196823.500,2665263.230,BLN7536-1,彰化縣鹿港鎮頭崙里007鄰頂草路二段１５０號
彰化縣鹿港鎮頂草路四段251號,ok,195251.160,2666925.350,BLM2799-8,彰化縣鹿港鎮草中里016鄰頂草路四段２５１號
彰化縣鹿港鎮順興里忠孝路403號3樓(地下室1樓,ok,,,,
彰化縣鹿港鎮順興里忠孝路403號4樓,ok,192426.620,2661587.670,BLN5875-0,彰化縣鹿港鎮順興里010鄰忠孝路４０３號
彰化縣鹿港鎮頭南里南勢巷57-21號,ok,194940.840,2664858.340,BLN6835-6,彰化縣鹿港鎮頭南里015鄰南勢巷臨５７之２１號
彰化縣鹿港鎮頭崙社區活動中心,ok,,,,
彰化縣鹿港鎮頭崙里頂草路2段150號,ok,196823.500,2665263.230,BLN7536-1,彰化縣鹿港鎮頭崙里007鄰頂草路二段１５０號
彰化縣鹿港鎮鹿東路二段667號,ok,195483.950,2661340.510,BLK7115-0,彰化縣鹿港鎮東崎里024鄰鹿東路二段６６７號
彰化縣鹿港鎮鹿港鎮山崙里崙尾巷26-9號,ok,193916.200,2667521.240,BLJ9587-0,彰化縣鹿港鎮山崙里012鄰崙尾巷２６之９號
彰化縣鹿港鎮鹿港鎮鹿和路3段500號,ok,196882.390,2664401.060,BLM0313-6,彰化縣鹿港鎮溝墘里016鄰鹿和路三段５００號
彰化縣鹿港鎮鹿港鎮鹿工路1-1號,ok,190270.930,2663506.130,BLL0598-8,彰化縣鹿港鎮東石里025鄰鹿工路１之１號
彰化縣鹿港鎮鹿草路2段889號,ok,193496.190,2664429.770,BLL8600-7,彰化縣鹿港鎮海埔里021鄰鹿草路二段８８９號
彰化縣鹿港鎮鹿草路二段197號,ok,192977.610,2663029.210,BLL7958-0,彰化縣鹿港鎮海埔里017鄰鹿草路二段１９７號
